"Function Code","Mnemonic","Long Name","Group","Number Of Parameters","Data Field Length Bytes","Description","Variable Size"
0x1390000,"ISP1_SNAPACCBIASEST","SEIKO SNAPACCBIASEST","Sensor Processing","0","0","Set the acceleration bias compensation to a snapshot of the current value of LinAccBiasEst_ACC_mps2.  Must be in E_AccelBiasCompensation = AccBiasObserve.","False"
0x1390001,"ISP1_RESETACCBIASFILTER","SEIKO RESETACCBIASFILTER","Sensor Processing","0","0","Reset the F_AccBiasFilter to V_AccBiasFixed_ACC_mps2 values","False"
0x1370000,"ISP0_SNAPACCBIASEST","STIM1 SNAPACCBIASEST","Sensor Processing","0","0","Set the acceleration bias compensation to a snapshot of the current value of LinAccBiasEst_ACC_mps2.  Must be in E_AccelBiasCompensation = AccBiasObserve.","False"
0x1370001,"ISP0_RESETACCBIASFILTER","STIM1 RESETACCBIASFILTER","Sensor Processing","0","0","Reset the F_AccBiasFilter to V_AccBiasFixed_ACC_mps2 values","False"
0x13b0000,"ISP2_SNAPACCBIASEST","STIM2 SNAPACCBIASEST","Sensor Processing","0","0","Set the acceleration bias compensation to a snapshot of the current value of LinAccBiasEst_ACC_mps2.  Must be in E_AccelBiasCompensation = AccBiasObserve.","False"
0x13b0001,"ISP2_RESETACCBIASFILTER","STIM2 RESETACCBIASFILTER","Sensor Processing","0","0","Reset the F_AccBiasFilter to V_AccBiasFixed_ACC_mps2 values","False"
0x17d0000,"SPV_STARTHZDAVOID","Vision Navigation STARTHZDAVOID","Sensor Processing","0","0","Starts Hazard Avoidance","False"
0x30000,"ACS_NOOP","ADCS No-OP","Command & Data Handling","0","0","ADCS No-OP","False"
0x6e0000,"HIM_SET_CONNECTION_STATE","All IMUs SET_CONNECTION_STATE","Sensor Manager","2","8","Set a given device's connection state","False"
0x6e0001,"HIM_SET_ALL_CONNECTION_STATE","All IMUs SET_ALL_CONNECTION_STATE","Sensor Manager","1","4","Set all devices' connection state","False"
0x6e0002,"HIM_COMBO_SETUP","All IMUs Run Combo Mode Setup on All","Sensor Manager","1","4","Perform an initialization for all devices that are in combo mode.  Prior to issuing setup, the model data is used.","False"
0x6e0003,"HIM_COMBO_SETUP_SPEC","All IMUs Run Combo Mode Setup on Specified","Sensor Manager","2","8","Perform an initialization for a specific device that is in combo mode.  Prior to issuing setup, the model data is used.","False"
0x780000,"HST_SET_CONNECTION_STATE","All Star Trackers SET_CONNECTION_STATE","Sensor Manager","2","8","Set a given device's connection state","False"
0x780001,"HST_SET_ALL_CONNECTION_STATE","All Star Trackers SET_ALL_CONNECTION_STATE","Sensor Manager","1","4","Set all devices' connection state","False"
0x780002,"HST_COMBO_SETUP","All Star Trackers Run Combo Mode Setup on All","Sensor Manager","1","4","Perform an initialization for all devices that are in combo mode.  Prior to issuing setup, the model data is used.","False"
0x780003,"HST_COMBO_SETUP_SPEC","All Star Trackers Run Combo Mode Setup on Specified","Sensor Manager","2","8","Perform an initialization for a specific device that is in combo mode.  Prior to issuing setup, the model data is used.","False"
0x820000,"HSS_SET_CONNECTION_STATE","All Sun Vector Sensors SET_CONNECTION_STATE","Sensor Manager","2","8","Set a given device's connection state","False"
0x820001,"HSS_SET_ALL_CONNECTION_STATE","All Sun Vector Sensors SET_ALL_CONNECTION_STATE","Sensor Manager","1","4","Set all devices' connection state","False"
0x820002,"HSS_COMBO_SETUP","All Sun Vector Sensors Run Combo Mode Setup on All","Sensor Manager","1","4","Perform an initialization for all devices that are in combo mode.  Prior to issuing setup, the model data is used.","False"
0x820003,"HSS_COMBO_SETUP_SPEC","All Sun Vector Sensors Run Combo Mode Setup on Specified","Sensor Manager","2","8","Perform an initialization for a specific device that is in combo mode.  Prior to issuing setup, the model data is used.","False"
0xb40000,"HVN_SET_CONNECTION_STATE","SenMgr_VisionNav SET_CONNECTION_STATE","Sensor Manager","2","8","Set a given device's connection state","False"
0xb40001,"HVN_SET_ALL_CONNECTION_STATE","SenMgr_VisionNav SET_ALL_CONNECTION_STATE","Sensor Manager","1","4","Set all devices' connection state","False"
0xbe0000,"HRG_SET_CONNECTION_STATE","SenMgr_RangeFinder SET_CONNECTION_STATE","Sensor Manager","2","8","Set a given device's connection state","False"
0xbe0001,"HRG_SET_ALL_CONNECTION_STATE","SenMgr_RangeFinder SET_ALL_CONNECTION_STATE","Sensor Manager","1","4","Set all devices' connection state","False"
0xbe0002,"HRG_COMBO_SETUP","SenMgr_RangeFinder Run Combo Mode Setup on All","Sensor Manager","1","4","Perform an initialization for all devices that are in combo mode.  Prior to issuing setup, the model data is used.","False"
0xbe0003,"HRG_COMBO_SETUP_SPEC","SenMgr_RangeFinder Run Combo Mode Setup on Specified","Sensor Manager","2","8","Perform an initialization for a specific device that is in combo mode.  Prior to issuing setup, the model data is used.","False"
0x1040000,"HTH_SET_CONNECTION_STATE","HWR_ActMgr_THR SET_CONNECTION_STATE","Actuator Manager","2","8","Set a given device's connection state","False"
0x1040001,"HTH_SET_ALL_CONNECTION_STATE","HWR_ActMgr_THR SET_ALL_CONNECTION_STATE","Actuator Manager","1","4","Set all devices' connection state","False"
0x2580000,"ATD_SET_ADSTATE_UNDET","Attitude Determination Set AD State to UNDETERMINED","Attitude Determination","0","0","Set the attitude determination state to undetermined","False"
0x2580001,"ATD_SET_ADSTATE_DETER","Attitude Determination Set AD State to DETERMINED","Attitude Determination","0","0","Set the attitude determination state to determined","False"
0x2580002,"ATD_SET_ADSTATE_DETER_VALUE","Attitude Determination Set AD State to DETERMINED at Q","Attitude Determination","4","32","Set the attitude determination state to determined with a specified attitude","False"
0x2580003,"ATD_RESET_RATE_BIAS","Attitude Determination Reset Rate Bias Estimate","Attitude Determination","0","0","Reset the rate bias estimate","False"
0x2580004,"ATD_DISABLE_RATE_BIAS_ESTIMATION","Attitude Determination Disable Rate Bias Estimation","Attitude Determination","0","0","Disable estimation of rate bias.  Bias remains current value.","False"
0x2580005,"ATD_ENABLE_RATE_BIAS_ESTIMATION","Attitude Determination Enable Rate Bias Estimation","Attitude Determination","0","0","Enable estimation of rate bias","False"
0x2580006,"ATD_ENABLE_AD","Attitude Determination Allow AD Initialization","Attitude Determination","0","0","Allow attitude determination to initialize","False"
0x2580007,"ATD_DISABLE_AD","Attitude Determination Prevent AD Initialization","Attitude Determination","0","0","Prevent attitude determination from initializing","False"
0x2580008,"ATD_FULL_KF_RESET","Attitude Determination Full Kalman Filter Reset","Attitude Determination","0","0","Reset the covariance states of the Kalman Filter","False"
0x2580009,"ATD_PARTIAL_KF_RESET","Attitude Determination Partial Kalman Filter Reset","Attitude Determination","0","0","Reset the rate bias covariance states of the Kalman Filter","False"
0x258000a,"ATD_RESET_ALL_REJECT_COUNT","Attitude Determination Reset All Rejected Measurement Counters","Attitude Determination","0","0","Reset all rejected measurement counters","False"
0x258000b,"ATD_RESET_SENSOR_REJECT_COUNT","Attitude Determination Reset Rejected Measurement Count for Sensor","Attitude Determination","1","4","Reset rejected measurement counter for a specific sensor","False"
0x25d0000,"NAV_SETFILTERSTATE","Navigation Set Filter State","Navigation","1","4","Set Navigation Filter state.  Initialization occurs via FSW_Ephemeris if coming from Off state.","False"
0x2620000,"EPH_ADD_SC_EPHEM_ENTRY","Ephemeris Add Spacecraft Ephemeris","Ephemeris","7","56","Add an ephemeris entry to the spacecraft ephemeris table.","False"
0x2620001,"EPH_CLEAR_SC_EPHEM_TABLE","Ephemeris Clear Spacecraft Ephemeris Table","Ephemeris","0","0","Clear the spacecraft ephemeris table","False"
0x2620002,"EPH_SET_EPHEM_PROP","Ephemeris Ephemeris Propagator Enable/Disable","Ephemeris","1","4","Set the ephemeris propagator to enabled or disabled","False"
0x2620003,"EPH_SET_INCLUDE_NONGRAV_ACCEL","Ephemeris Enable/Disable Non-Gravity Acceleration","Ephemeris","1","4","Enable/disable the satellite propagator including the non-gravitational acceleration estimate from vehicle state","False"
0x2620004,"EPH_SET_SC_CENTRAL_BODY","Ephemeris Set the spacecraft central body","Ephemeris","1","4","Change the spacecraft central body","False"
0x2650000,"EEP_UPDATEMISSIONPHASE","ExtEphemeris UPDATEMISSIONPHASE","Ephemeris","1","4","Change the mission phase via command","False"
0x2670000,"EPH_SET_SPOTTGT","Ephemeris Set Spot Target","Ephemeris","5","32","If not already, sets the target type to Spot and sets its position","False"
0x2670001,"EPH_ADD_BALLISTICTGT_ENTRY","Ephemeris Add Ballistic Target Table Entry","Ephemeris","8","64","If not already, sets the target type to Ballistic and adds an ephemeris table entry","False"
0x2670002,"EPH_ADD_SCHEDPATHTGT_WPT","Ephemeris Add Scheduled Path Target Waypoint","Ephemeris","9","64","If not already, sets the target type to Scheduled Path and adds a waypoint","False"
0x2670003,"EPH_ADD_SCANTGT_POINT","Ephemeris Add Scan Target Point","Ephemeris","6","40","If not already, sets the target type to Scan Path adds a point.  Minimum of two required.","False"
0x2670004,"EPH_RESET_TGT","Ephemeris Reset Target","Ephemeris","1","4","Clears staged position/velocity data in a target.","False"
0x2670005,"EPH_SET_TGT_INTERP_TYPE","Ephemeris Set Target Path Interpolation Type","Ephemeris","2","8","Change a target's path interpolation type.  Used if Scheduled or Scan Path.","False"
0x2670006,"EPH_SET_ALL_COMPUTE_TLM","Ephemeris Set All Targets Compute Tlm","Ephemeris","1","4","Set all targets in the container to cyclically compute telemetry or not.","False"
0x2670007,"EPH_SET_COMPUTE_TLM","Ephemeris Set Individual Target Compute Tlm","Ephemeris","2","8","Set an individual target in the container to compute telemetry or not.","False"
0x26c0000,"VEH_SET_BUSCFG","Vehicle State Set Bus Configuration","Vehicle State","1","4","Set the active bus mass properties configuration","False"
0x26c0001,"VEH_SET_NODEMASS","Vehicle State Set Node Mass","Vehicle State","2","16","Set the mass of a specified mass node","False"
0x26c0002,"VEH_DEC_NODEMASS","Vehicle State Decrement Node Mass","Vehicle State","2","16","Decrement mass from a specified mass node","False"
0x26c0003,"VEH_SET_ATTCTRL","Vehicle State Set Attitude Controller","Vehicle State","1","4","Set the active attitude controller","False"
0x26c0005,"VEH_SET_MISSIONMODE","Vehicle State Set Mission Mode","Vehicle State","1","4","Set the mission mode","False"
0x26c0006,"VEH_ENABLE_SUN_AVOID","Vehicle State Enable Sun Avoidance","Vehicle State","0","0","Enable sun avoidance in all applicable modes, sun avoidance is enabled by default when sun avoidance parameters are defined","False"
0x26c0007,"VEH_DISABLE_SUN_AVOID","Vehicle State Disable Sun Avoidance","Vehicle State","0","0","Disable sun avoidance in all applicable modes, sun avoidance is enabled by default when sun avoidance parameters are defined","False"
0x26c0008,"VEH_RESET_DELTAV_TLM","Vehicle State Reset Delta-V Telemetry","Vehicle State","0","0","Reset all accumulated delta-v telemetry to zero","False"
0x26c0009,"VEH_UPDATE_STATIC_INERTIA","Vehicle State Update Static Inertia","Vehicle State","0","0","Update the static inertia from the dynamically-calculated inertia","False"
0x2bc0000,"MDC_GOTO_IDLE","Mode Control GoTo Idle","Mode Control","1","4","Transition Mode to Idle Type","False"
0x2bc0001,"MDC_GOTO_HOLD","Mode Control GoTo Hold","Mode Control","1","4","Transition Mode to Hold Type","False"
0x2bc0002,"MDC_GOTO_RATEDAMP","Mode Control GoTo Rate Damp","Mode Control","1","4","Transition to Rate Damp Type","False"
0x2bc0003,"MDC_GOTO_SUNACQ","Mode Control GoTo Sun Acq","Mode Control","1","4","Transition to Sun Acquisition Type","False"
0x2bc0004,"MDC_SLEW_TRACK","Mode Control SlewTo Tracking","Mode Control","4","24","Transition to Tracking Type using user-specified Slew","False"
0x2bc0005,"MDC_SLEW_TRACK_CB","Mode Control SlewTo Tracking Central Body","Mode Control","5","24","Transition to Tracking Type using user-specified Slew for a specified central body","False"
0x2bc0006,"MDC_SLEW_ABS","Mode Control Slew Absolute","Mode Control","6","48","Transition to specified attitude and Hold using user-specified Slew.","False"
0x2bc0007,"MDC_SLEW_REL","Mode Control Slew Relative","Mode Control","6","48","Transition from current attitude and Hold using user-specified Slew.","False"
0x3170000,"DG2_ENABLEDESCENT","Descent_Guidance ENABLEDESCENT","Guidance","0","0","Enable descent logic and begin guidance math","False"
0x3170001,"DG2_STARTBRAKINGBURN","Descent_Guidance STARTBRAKINGBURN","Guidance","0","0","Start sending thrust commands to the actuators","False"
0x3170002,"DG2_UPDATETARGET","Descent_Guidance UPDATETARGET","Guidance","3","24","Set a new landing target","False"
0x3a20000,"CAT_RESET","Attitude Control RESET","Control","0","0","Reset all the integrals and filters in the active controller","False"
0x3a20001,"CAT_SET_INTEGRATOR1","Attitude Control SET_INTEGRATOR1","Control","3","24","Set the state of integrator channel 1","False"
0x3a20002,"CAT_SET_INTEGRATOR2","Attitude Control SET_INTEGRATOR2","Control","6","48","Set the states of integrator channel 2","False"
0x1cf0000,"APT3_ENABLE_SET","ACS_PY ENABLE_SET","Actuator Sets","0","0","Enable commanding and processing for this set processor","False"
0x1cf0001,"APT3_DISABLE_SET","ACS_PY DISABLE_SET","Actuator Sets","0","0","Disable commanding and processing for this set processor","False"
0x1cf0002,"APT3_ENABLE_ACTUATOR","ACS_PY ENABLE_ACTUATOR","Actuator Sets","1","4","Turn on the commanding and processing of a connected actuator","False"
0x1cf0003,"APT3_DISABLE_ACTUATOR","ACS_PY DISABLE_ACTUATOR","Actuator Sets","1","4","Turn off the commanding and processing of a connected actuator","False"
0x1cf0004,"APT3_SET_NULL_VEC_COMPONENT","ACS_PY SET_NULL_VEC_COMPONENT","Actuator Sets","2","16","Set the null vector component for a given thruster in set","False"
0x1cf0005,"APT3_SETTHRSTATE","ACS_PY SETTHRSTATE","Actuator Sets","1","4","Set the thruster state","False"
0x1cf0006,"APT3_ALLTHRON","ACS_PY ALLTHRON","Actuator Sets","2","16","Turn all thrusters on for duration","False"
0x1cf0007,"APT3_SETTHRON","ACS_PY SETTHRON","Actuator Sets","3","24","Turn on single thruster for duration","False"
0x1cf0008,"APT3_ALLTHROFF","ACS_PY ALLTHROFF","Actuator Sets","0","0","Turn all thrusters off","False"
0x1cf0009,"APT3_SETTHROFF","ACS_PY SETTHROFF","Actuator Sets","1","4","Turn off single thruster","False"
0x1cf000a,"APT3_UPDATEMIXINGMATRIX","ACS_PY UPDATEMIXINGMATRIX","Actuator Sets","0","0","Recompute thruster mixing matrix","False"
0x1cf000b,"APT3_SET_FORCE_CMD","ACS_PY SET_FORCE_CMD","Actuator Sets","3","24","Set the force command to follow in DELTA_V and SIXDOF mode","False"
0x1cf000c,"APT3_SET_IMPULSE_CMD","ACS_PY SET_IMPULSE_CMD","Actuator Sets","3","24","Set the impulse command to follow in DELTA_V and SIXDOF mode","False"
0x1ce0000,"APT2_ENABLE_SET","ACS_Roll ENABLE_SET","Actuator Sets","0","0","Enable commanding and processing for this set processor","False"
0x1ce0001,"APT2_DISABLE_SET","ACS_Roll DISABLE_SET","Actuator Sets","0","0","Disable commanding and processing for this set processor","False"
0x1ce0002,"APT2_ENABLE_ACTUATOR","ACS_Roll ENABLE_ACTUATOR","Actuator Sets","1","4","Turn on the commanding and processing of a connected actuator","False"
0x1ce0003,"APT2_DISABLE_ACTUATOR","ACS_Roll DISABLE_ACTUATOR","Actuator Sets","1","4","Turn off the commanding and processing of a connected actuator","False"
0x1ce0004,"APT2_SET_NULL_VEC_COMPONENT","ACS_Roll SET_NULL_VEC_COMPONENT","Actuator Sets","2","16","Set the null vector component for a given thruster in set","False"
0x1ce0005,"APT2_SETTHRSTATE","ACS_Roll SETTHRSTATE","Actuator Sets","1","4","Set the thruster state","False"
0x1ce0006,"APT2_ALLTHRON","ACS_Roll ALLTHRON","Actuator Sets","2","16","Turn all thrusters on for duration","False"
0x1ce0007,"APT2_SETTHRON","ACS_Roll SETTHRON","Actuator Sets","3","24","Turn on single thruster for duration","False"
0x1ce0008,"APT2_ALLTHROFF","ACS_Roll ALLTHROFF","Actuator Sets","0","0","Turn all thrusters off","False"
0x1ce0009,"APT2_SETTHROFF","ACS_Roll SETTHROFF","Actuator Sets","1","4","Turn off single thruster","False"
0x1ce000a,"APT2_UPDATEMIXINGMATRIX","ACS_Roll UPDATEMIXINGMATRIX","Actuator Sets","0","0","Recompute thruster mixing matrix","False"
0x1ce000b,"APT2_SET_FORCE_CMD","ACS_Roll SET_FORCE_CMD","Actuator Sets","3","24","Set the force command to follow in DELTA_V and SIXDOF mode","False"
0x1ce000c,"APT2_SET_IMPULSE_CMD","ACS_Roll SET_IMPULSE_CMD","Actuator Sets","3","24","Set the impulse command to follow in DELTA_V and SIXDOF mode","False"
0x1cc0000,"APT0_ENABLE_SET","Main_Engines ENABLE_SET","Actuator Sets","0","0","Enable commanding and processing for this set processor","False"
0x1cc0001,"APT0_DISABLE_SET","Main_Engines DISABLE_SET","Actuator Sets","0","0","Disable commanding and processing for this set processor","False"
0x1cc0002,"APT0_ENABLE_ACTUATOR","Main_Engines ENABLE_ACTUATOR","Actuator Sets","1","4","Turn on the commanding and processing of a connected actuator","False"
0x1cc0003,"APT0_DISABLE_ACTUATOR","Main_Engines DISABLE_ACTUATOR","Actuator Sets","1","4","Turn off the commanding and processing of a connected actuator","False"
0x1cc0004,"APT0_SET_NULL_VEC_COMPONENT","Main_Engines SET_NULL_VEC_COMPONENT","Actuator Sets","2","16","Set the null vector component for a given thruster in set","False"
0x1cc0005,"APT0_SETTHRSTATE","Main_Engines SETTHRSTATE","Actuator Sets","1","4","Set the thruster state","False"
0x1cc0006,"APT0_ALLTHRON","Main_Engines ALLTHRON","Actuator Sets","2","16","Turn all thrusters on for duration","False"
0x1cc0007,"APT0_SETTHRON","Main_Engines SETTHRON","Actuator Sets","3","24","Turn on single thruster for duration","False"
0x1cc0008,"APT0_ALLTHROFF","Main_Engines ALLTHROFF","Actuator Sets","0","0","Turn all thrusters off","False"
0x1cc0009,"APT0_SETTHROFF","Main_Engines SETTHROFF","Actuator Sets","1","4","Turn off single thruster","False"
0x1cc000a,"APT0_UPDATEMIXINGMATRIX","Main_Engines UPDATEMIXINGMATRIX","Actuator Sets","0","0","Recompute thruster mixing matrix","False"
0x1cc000b,"APT0_SET_FORCE_CMD","Main_Engines SET_FORCE_CMD","Actuator Sets","3","24","Set the force command to follow in DELTA_V and SIXDOF mode","False"
0x1cc000c,"APT0_SET_IMPULSE_CMD","Main_Engines SET_IMPULSE_CMD","Actuator Sets","3","24","Set the impulse command to follow in DELTA_V and SIXDOF mode","False"
0x1cd0000,"APT1_ENABLE_SET","RCS ENABLE_SET","Actuator Sets","0","0","Enable commanding and processing for this set processor","False"
0x1cd0001,"APT1_DISABLE_SET","RCS DISABLE_SET","Actuator Sets","0","0","Disable commanding and processing for this set processor","False"
0x1cd0002,"APT1_ENABLE_ACTUATOR","RCS ENABLE_ACTUATOR","Actuator Sets","1","4","Turn on the commanding and processing of a connected actuator","False"
0x1cd0003,"APT1_DISABLE_ACTUATOR","RCS DISABLE_ACTUATOR","Actuator Sets","1","4","Turn off the commanding and processing of a connected actuator","False"
0x1cd0004,"APT1_SET_NULL_VEC_COMPONENT","RCS SET_NULL_VEC_COMPONENT","Actuator Sets","2","16","Set the null vector component for a given thruster in set","False"
0x1cd0005,"APT1_SETTHRSTATE","RCS SETTHRSTATE","Actuator Sets","1","4","Set the thruster state","False"
0x1cd0006,"APT1_ALLTHRON","RCS ALLTHRON","Actuator Sets","2","16","Turn all thrusters on for duration","False"
0x1cd0007,"APT1_SETTHRON","RCS SETTHRON","Actuator Sets","3","24","Turn on single thruster for duration","False"
0x1cd0008,"APT1_ALLTHROFF","RCS ALLTHROFF","Actuator Sets","0","0","Turn all thrusters off","False"
0x1cd0009,"APT1_SETTHROFF","RCS SETTHROFF","Actuator Sets","1","4","Turn off single thruster","False"
0x1cd000a,"APT1_UPDATEMIXINGMATRIX","RCS UPDATEMIXINGMATRIX","Actuator Sets","0","0","Recompute thruster mixing matrix","False"
0x1cd000b,"APT1_SET_FORCE_CMD","RCS SET_FORCE_CMD","Actuator Sets","3","24","Set the force command to follow in DELTA_V and SIXDOF mode","False"
0x1cd000c,"APT1_SET_IMPULSE_CMD","RCS SET_IMPULSE_CMD","Actuator Sets","3","24","Set the impulse command to follow in DELTA_V and SIXDOF mode","False"
0x13880000,"CMD_HIST_DUMP","Command History Dump","Command & Data Handling","1","128","Command History Dump File","False"
0x13880001,"CMD_HIST_AUTO_DUMP_ON","Command History Auto Dump On","Command & Data Handling","0","0","Command History Activate Automatic Command History Dump When History Is Full","False"
0x13880002,"CMD_HIST_AUTO_DUMP_OFF","Command History Auto Dump Off","Command & Data Handling","0","0","Command History Deactivate  Automatic Command History Dump When History Is Full","False"
0x13880003,"CMD_HIST_AUTO_DUMP","Command History Auto Dump","Command & Data Handling","0","0","Command History Automatic Command History Dump","False"
0x13ec0000,"MISC_CONFIG_LOAD","Misc Config Load","Command & Data Handling","1","128","Misc Load A Configuration File","False"
0x13ec0001,"MISC_CONFIG_PARSE","Misc Config Parse","Command & Data Handling","1","256","Misc Parse A Configuration String","False"
0x13ec0002,"MISC_REBOOT","Misc Reboot","Command & Data Handling","0","0","Misc Reboot The Flight Processor","False"
0x13ec0003,"MISC_PRINT","Misc Print","Command & Data Handling","1","256","Misc Print A String","False"
0x13ec0004,"MISC_EVR","Misc Send Event Report","Command & Data Handling","1","128","Misc Send Any Event Report","False"
0x13ec0005,"MISC_RM","Misc Remove File","Command & Data Handling","1","128","Misc Remove File","False"
0x13ec0006,"MISC_SYSTEM","Misc System","Command & Data Handling","1","128","Misc System","False"
0x13ec0007,"MISC_EVR_LEVEL","Misc Send Event Report With Severity Level","Command & Data Handling","2","129","Misc Send Any Event Report With Severity Level","False"
0x27130000,"REC_EVR_SET_APID_FREQ","Recorded Telemetry Set Packet Frequency","Command & Telemetry","2","16","Recorded Telemetry Set Packet Frequency","False"
0x27130001,"REC_EVR_RECORD","Recorded Telemetry Record","Command & Telemetry","1","4","Start / stop recording","False"
0x27130002,"REC_EVR_SET_OLDEST_NS_BY_SEQ","Recorded Telemetry Set Oldest Not Sent By Seq","Command & Telemetry","1","4","Recorded Telemetry Set Oldest Not Sent By Sequence Number","False"
0x27130003,"REC_EVR_SET_OLDEST_NS_BY_TIME","Recorded Telemetry Set Oldest Not Sent By Time","Command & Telemetry","1","8","Recorded Telemetry Set Oldest Not Sent By Time","False"
0x27130004,"REC_EVR_CLEAR","Recorded Telemetry Set Oldest Not Sent By Time","Command & Telemetry","0","0","Recorded Telemetry Set Oldest Not Sent By Time","False"
0x27110000,"REC_GNC_SET_APID_FREQ","Recorded Telemetry Set Packet Frequency","Command & Telemetry","2","16","Recorded Telemetry Set Packet Frequency","False"
0x27110001,"REC_GNC_RECORD","Recorded Telemetry Record","Command & Telemetry","1","4","Start / stop recording","False"
0x27110002,"REC_GNC_SET_OLDEST_NS_BY_SEQ","Recorded Telemetry Set Oldest Not Sent By Seq","Command & Telemetry","1","4","Recorded Telemetry Set Oldest Not Sent By Sequence Number","False"
0x27110003,"REC_GNC_SET_OLDEST_NS_BY_TIME","Recorded Telemetry Set Oldest Not Sent By Time","Command & Telemetry","1","8","Recorded Telemetry Set Oldest Not Sent By Time","False"
0x27110004,"REC_GNC_CLEAR","Recorded Telemetry Set Oldest Not Sent By Time","Command & Telemetry","0","0","Recorded Telemetry Set Oldest Not Sent By Time","False"
0x27120000,"REC_DYN_SET_APID_FREQ","Recorded Telemetry Set Packet Frequency","Command & Telemetry","2","16","Recorded Telemetry Set Packet Frequency","False"
0x27120001,"REC_DYN_RECORD","Recorded Telemetry Record","Command & Telemetry","1","4","Start / stop recording","False"
0x27120002,"REC_DYN_SET_OLDEST_NS_BY_SEQ","Recorded Telemetry Set Oldest Not Sent By Seq","Command & Telemetry","1","4","Recorded Telemetry Set Oldest Not Sent By Sequence Number","False"
0x27120003,"REC_DYN_SET_OLDEST_NS_BY_TIME","Recorded Telemetry Set Oldest Not Sent By Time","Command & Telemetry","1","8","Recorded Telemetry Set Oldest Not Sent By Time","False"
0x27120004,"REC_DYN_CLEAR","Recorded Telemetry Set Oldest Not Sent By Time","Command & Telemetry","0","0","Recorded Telemetry Set Oldest Not Sent By Time","False"
0x27100000,"REC_LANDER_SET_APID_FREQ","Recorded Telemetry Set Packet Frequency","Command & Telemetry","2","16","Recorded Telemetry Set Packet Frequency","False"
0x27100001,"REC_LANDER_RECORD","Recorded Telemetry Record","Command & Telemetry","1","4","Start / stop recording","False"
0x27100002,"REC_LANDER_SET_OLDEST_NS_BY_SEQ","Recorded Telemetry Set Oldest Not Sent By Seq","Command & Telemetry","1","4","Recorded Telemetry Set Oldest Not Sent By Sequence Number","False"
0x27100003,"REC_LANDER_SET_OLDEST_NS_BY_TIME","Recorded Telemetry Set Oldest Not Sent By Time","Command & Telemetry","1","8","Recorded Telemetry Set Oldest Not Sent By Time","False"
0x27100004,"REC_LANDER_CLEAR","Recorded Telemetry Set Oldest Not Sent By Time","Command & Telemetry","0","0","Recorded Telemetry Set Oldest Not Sent By Time","False"
0x15e00000,"PLD_SET_APID_FREQ","Payload Set Packet Frequency","Command & Data Handling","2","16","Payload Set Packet Frequency","False"
0x15e00001,"PLD_RECORD","Payload Record","Command & Data Handling","1","4","Payload Start / Stop Recording","False"
0x15e00002,"PLD_SET_OLDEST_NS_BY_SEQ","Payload Set Oldest Not Sent By Seq","Command & Data Handling","1","4","Payload Set Oldest Not Sent By Sequence Number","False"
0x15e00003,"PLD_SET_OLDEST_NS_BY_TIME","Payload Set Oldest Not Sent By Time","Command & Data Handling","1","8","Payload Set Oldest Not Sent By Absolute SCLK Time","False"
0x15e00004,"PLD_DEL_BY_SEQ","Payload Delete By Seq","Command & Data Handling","2","8","Payload Delete By Sequence Number","False"
0x15e00005,"PLD_DEL_BY_TIME","Payload Delete By Time","Command & Data Handling","2","16","Payload Delete By Absolute SCLK Time","False"
0x15e00006,"PLD_SAVE_PKTS","Payload Save Packets","Command & Data Handling","0","0","Payload Save Packets","False"
0x15e00007,"PLD_LOAD_PKTS","Payload Load Packets","Command & Data Handling","0","0","Payload Load Packets","False"
0x120000,"CMD_TLM_NOOP","Cmd & Tlm No-OP","Command Sequencing","0","0","Cmd & Tlm No-OP","False"
0x1c200000,"FDM_FILE_DOWNLOAD","File Download","Command & Data Handling","1","128","File Download","False"
0x1c200001,"FDM_FILE_DOWNLOAD_PART","File Download Part","Command & Data Handling","4","144","File Download Part","False"
0x1c200002,"FDM_FILE_DOWNLOAD_CANCEL","File Download Cancel","Command & Data Handling","0","0","File Download Cancel","False"
0x1c200003,"FDM_FILE_DOWNLOAD_SET_FILE_ID","File Download Set File ID","Command & Data Handling","1","4","File Download Set File ID","False"
0x1c200004,"FDM_FILE_DOWNLOAD_REQUEST_CURRENT_SETUP_PACKET","File Download Request Current Setup Packet","Command & Data Handling","1","4","File Download Request The Most Recent Setup Packet. Returns the setup packet currently in memory, does not read a new file.","False"
0x1c200005,"FDM_FILE_DOWNLOAD_REQUEST_SETUP_PACKET_FILENAME","File Download Request Setup Packet by Filename","Command & Data Handling","2","132","File Download Request The Setup Packet For The Specified File. Reads the specified file to create a new setup packet and returns that packet.","False"
0x1c2a0000,"FUTL_FILE_CP","File Utility File Copy","Command & Data Handling","3","260","File Utility File Copy","False"
0x1c2a0001,"FUTL_FILE_APPEND","File Utility File Append","Command & Data Handling","2","256","File Utility File Append","False"
0x1c2a0002,"FUTL_FILE_MKDIR","File Utility File Make Directory","Command & Data Handling","1","128","File Utility File Make Directory","False"
0x1c2a0003,"FUTL_FILE_RM","File Utility File Remove","Command & Data Handling","2","132","File Utility File Remove","False"
0x1c2a0004,"FUTL_FILE_LL","File Utility File Long Listing","Command & Data Handling","2","132","File Utility File Long Listing","False"
0x1c2a0005,"FUTL_FILE_MV","File Utility File Move","Command & Data Handling","3","260","File Utility File Move","False"
0x1bbc0000,"FUM_FILE_UPLOAD_SETUP","File Upload Setup","Command & Data Handling","5","144","File Upload Setup","False"
0x1bbc0001,"FUM_FILE_UPLOAD_DATA","File Upload Data","Command & Data Handling","5","1040","File Upload Data","True"
0xf0020000,"FILE_NOOP","File No-OP","Command & Data Handling","0","0","File No-OP","False"
0x60000,"HWIO_NOOP","HWIO No-OP","Command & Data Handling","0","0","HWIO No-OP","False"
0x64a0000,"PLD_LEX_ENABLE_PROCESSING","LEXI Payload ENABLE_PROCESSING","Payloads","1","4","Enable interfacing with payload","False"
0x64a0001,"PLD_LEX_SET_TIME","LEXI Payload SET_TIME","Payloads","0","0","Sends a time message to payload","False"
0x64a0002,"PLD_LEX_PASS_THRU","LEXI Payload PASS_THRU","Payloads","2","1026","Send command blob to payload","False"
0x64a0003,"PLD_LEX_CLEAR_TLM_BUFFER","LEXI Payload CLEAR_TLM_BUFFER","Payloads","0","0","Clear the buffer holding telemetry data for translation","False"
0x64a0004,"PLD_LEX_SEND_DATA_MSG","LEXI Payload SEND_DATA_MSG","Payloads","0","0","Send message to payload with defined data items","False"
0x64a0005,"PLD_LEX_SEND_CMD_FILE","LEXI Payload SEND_CMD_FILE","Payloads","1","128","Send contents of file to the payload","False"
0x64a0006,"PLD_LEX_ABORT_SEND_CMD_FILE","LEXI Payload ABORT_SEND_CMD_FILE","Payloads","0","0","Abort in-process command file send","False"
0x64a0007,"PLD_LEX_SET_FLAG","LEXI Payload SET_FLAG","Payloads","2","8","Set the value of one of the telemetry flags","False"
0x64a0008,"PLD_LEX_CLEAR_COUNTERS","LEXI Payload CLEAR_COUNTERS","Payloads","0","0","Clear the telemetry counters","False"
0x64b0000,"PLD_LEX_FILE_CLOSE","LEXI Payload telemetry file CLOSE","Payloads","0","0","Close an open file","False"
0x64b0001,"PLD_LEX_FILE_PRIORITY","LEXI Payload telemetry file PRIORITY","Payloads","1","4","Set the file priority flag","False"
0x150000,"PLD_NOOP","Payloads No-OP","Command & Data Handling","0","0","Payloads No-OP","False"
0x90000,"PWR_NOOP","Power No-OP","Power","0","0","Power No-OP","False"
0xf0000,"PROP_NOOP","Propulsion Control System No-OP","Propulsion","0","0","Propulsion Control System No-OP","False"
0x17d40000,"FJ_START_REL","Sequence Engine Start Relative","Command Sequencing","3","136","Sequence Engine Start - Relative Time","False"
0x17d40001,"FJ_START_ABS","Sequence Engine Start Absolute","Command Sequencing","3","136","Sequence Engine Start - Absolute Time","False"
0x17d40002,"FJ_ABORT","Sequence Engine Abort","Command Sequencing","1","64","Sequence Engine Abort Sequence","False"
0x17d40003,"FJ_ABORT_ALL","Sequence Engine Abort All","Command Sequencing","0","0","Sequence Engine Abort All Sequence","False"
0x17d40004,"FJ_ABORT_ALL_EXCEPT","Sequence Engine Abort All Except","Command Sequencing","1","64","Sequence Engine Abort All Sequences except the one(s) specified","False"
0x17d40005,"FJ_LOAD","Sequence Engine Load","Command Sequencing","1","64","Sequence Engine Load Sequence","False"
0x17d40006,"FJ_UNLOAD","Sequence Engine Unload","Command Sequencing","1","64","Sequence Engine Unload Sequence","False"
0x17d40007,"FJ_SHOW_PROCS","Sequence Engine Show Procedures","Command Sequencing","0","0","Sequence Engine Show Loaded Procedures","False"
0x17d40008,"FJ_MAKE_CURRENT","Sequence Engine Make Current","Command Sequencing","3","72","Sequence Engine Make Current","False"
0x180000,"SEQ_NOOP","Sequence Engine No-OP","Command Sequencing","0","0","Sequence Engine No-OP","False"
0xc0000,"THM_NOOP","Thermal Control System No-OP","Thermal","0","0","Thermal Control System No-OP","False"
0x1e0000,"TM_NOOP","Time No-OP","Command & Data Handling","0","0","Time No-OP","False"
0x44c0000,"TIME_ADJUST_TIME","Time ADJUST_TIME","Command & Data Handling","1","4","Adjust the time (+/-) in the event the internal clock is out of sync","False"
