"Function Code","Parameter Num","Parameter","Units","Start Byte","Type","Size bytes","Item Description"
0x6e0000,1,"ID","ENUM","0","ENUM","4","HwrPtr container ID"
0x6e0000,2,"E_CONNECTIONSTATE","ENUM","4","ENUM","4","Is the hardware driver or model connected?"
0x6e0001,1,"E_CONNECTIONSTATE","ENUM","0","ENUM","4","Is the hardware driver or model connected?"
0x6e0002,1,"ENABLE","ENUM","0","ENUM","4","If true, run setup.  If false, revert setup."
0x6e0003,1,"ID","ENUM","0","ENUM","4","HwrPtr container ID"
0x6e0003,2,"ENABLE","ENUM","4","ENUM","4","If true, run setup.  If false, revert setup."
0x780000,1,"ID","ENUM","0","ENUM","4","HwrPtr container ID"
0x780000,2,"E_CONNECTIONSTATE","ENUM","4","ENUM","4","Is the hardware driver or model connected?"
0x780001,1,"E_CONNECTIONSTATE","ENUM","0","ENUM","4","Is the hardware driver or model connected?"
0x780002,1,"ENABLE","ENUM","0","ENUM","4","If true, run setup.  If false, revert setup."
0x780003,1,"ID","ENUM","0","ENUM","4","HwrPtr container ID"
0x780003,2,"ENABLE","ENUM","4","ENUM","4","If true, run setup.  If false, revert setup."
0x820000,1,"ID","ENUM","0","ENUM","4","HwrPtr container ID"
0x820000,2,"E_CONNECTIONSTATE","ENUM","4","ENUM","4","Is the hardware driver or model connected?"
0x820001,1,"E_CONNECTIONSTATE","ENUM","0","ENUM","4","Is the hardware driver or model connected?"
0x820002,1,"ENABLE","ENUM","0","ENUM","4","If true, run setup.  If false, revert setup."
0x820003,1,"ID","ENUM","0","ENUM","4","HwrPtr container ID"
0x820003,2,"ENABLE","ENUM","4","ENUM","4","If true, run setup.  If false, revert setup."
0xb40000,1,"ID","ENUM","0","ENUM","4","HwrPtr container ID"
0xb40000,2,"E_CONNECTIONSTATE","ENUM","4","ENUM","4","Is the hardware driver or model connected?"
0xb40001,1,"E_CONNECTIONSTATE","ENUM","0","ENUM","4","Is the hardware driver or model connected?"
0xbe0000,1,"ID","ENUM","0","ENUM","4","HwrPtr container ID"
0xbe0000,2,"E_CONNECTIONSTATE","ENUM","4","ENUM","4","Is the hardware driver or model connected?"
0xbe0001,1,"E_CONNECTIONSTATE","ENUM","0","ENUM","4","Is the hardware driver or model connected?"
0xbe0002,1,"ENABLE","ENUM","0","ENUM","4","If true, run setup.  If false, revert setup."
0xbe0003,1,"ID","ENUM","0","ENUM","4","HwrPtr container ID"
0xbe0003,2,"ENABLE","ENUM","4","ENUM","4","If true, run setup.  If false, revert setup."
0x1040000,1,"ID","ENUM","0","ENUM","4","HwrPtr container ID"
0x1040000,2,"E_CONNECTIONSTATE","ENUM","4","ENUM","4","Is the hardware driver or model connected?"
0x1040001,1,"E_CONNECTIONSTATE","ENUM","0","ENUM","4","Is the hardware driver or model connected?"
0x2580002,1,"Q_CBI2BDY0","none","0","DFP","8","Specified attitude Q0"
0x2580002,2,"Q_CBI2BDY1","none","8","DFP","8","Specified attitude Q1"
0x2580002,3,"Q_CBI2BDY2","none","16","DFP","8","Specified attitude Q2"
0x2580002,4,"Q_CBI2BDY3","none","24","DFP","8","Specified attitude Q3"
0x258000b,1,"ID","ENUM","0","ENUM","4","ADSensor container ID"
0x25d0000,1,"FILTERSTATE","ENUM","0","ENUM","4","Set the state of the Navigation Filter"
0x2620000,1,"EPOCH_S","s","0","DFP","8","Epoch since Jan 1, 1970"
0x2620000,2,"POSX_CBI_M","m","8","DFP","8","SC CM X position at the epoch in CBI"
0x2620000,3,"POSY_CBI_M","m","16","DFP","8","SC CM Y position at the epoch in CBI"
0x2620000,4,"POSZ_CBI_M","m","24","DFP","8","SC CM Z position at the epoch in CBI"
0x2620000,5,"VELX_CBI_MPS","m/s","32","DFP","8","SC CM X velocity at the epoch in CBI"
0x2620000,6,"VELY_CBI_MPS","m/s","40","DFP","8","SC CM Y velocity at the epoch in CBI"
0x2620000,7,"VELZ_CBI_MPS","m/s","48","DFP","8","SC CM Z velocity at the epoch in CBI"
0x2620002,1,"ENABLED","ENUM","0","ENUM","4","Set condition"
0x2620003,1,"ENABLED","ENUM","0","ENUM","4","Set condition"
0x2620004,1,"SPACECRAFTCENTRALBODY","ENUM","0","ENUM","4","SpacecraftCentralBody"
0x2650000,1,"MISSIONPHASE","ENUM","0","ENUM","4","MissionPhase"
0x2670000,1,"TARGET","ENUM","0","ENUM","4","Set the target properties for this target"
0x2670000,2,"POSTYPE","ENUM","4","ENUM","4","Defines type and units of input postion"
0x2670000,3,"POS0","none","8","DFP","8","Position argument 0 of type and units defined by PosType"
0x2670000,4,"POS1","none","16","DFP","8","Position argument 1 of type and units defined by PosType"
0x2670000,5,"POS2","none","24","DFP","8","Position argument 2 of type and units defined by PosType"
0x2670001,1,"TARGET","ENUM","0","ENUM","4","Target to edit"
0x2670001,2,"EPOCH_S","s","8","DFP","8","SCLK epoch of the entry"
0x2670001,3,"POSX_CBI_M","m","16","DFP","8","TGT CM X Position at the epoch in CBI"
0x2670001,4,"POSY_CBI_M","m","24","DFP","8","TGT CM Y Position at the epoch in CBI"
0x2670001,5,"POSZ_CBI_M","m","32","DFP","8","TGT CM Z Position at the epoch in CBI"
0x2670001,6,"VELX_CBI_MPS","m/s","40","DFP","8","TGT CM X Velocity at the epoch in CBI"
0x2670001,7,"VELY_CBI_MPS","m/s","48","DFP","8","TGT CM Y Velocity at the epoch in CBI"
0x2670001,8,"VELZ_CBI_MPS","m/s","56","DFP","8","TGT CM Z Velocity at the epoch in CBI"
0x2670002,1,"TARGET","ENUM","0","ENUM","4","Target to edit"
0x2670002,2,"POSTYPE","ENUM","4","ENUM","4","Defines type and units of input arguments"
0x2670002,3,"EPOCH_S","s","8","DFP","8","SCLK epoch of the entry"
0x2670002,4,"POS0","none","16","DFP","8","Position argument 0 of type and units defined by PosType"
0x2670002,5,"POS1","none","24","DFP","8","Position argument 1 of type and units defined by PosType"
0x2670002,6,"POS2","none","32","DFP","8","Position argument 2 of type and units defined by PosType"
0x2670002,7,"VEL0","none","40","DFP","8","Velocity argument 0 of type and units defined by PosType. bearing (rd or deg) if LLA selected."
0x2670002,8,"VEL1","none","48","DFP","8","Velocity argument 0 of type and units defined by PosType. horizontal speed (m/s) if LLA selected."
0x2670002,9,"VEL2","none","56","DFP","8","Velocity argument 0 of type and units defined by PosType. vertical speed (m/s) if LLA selected."
0x2670003,1,"TARGET","ENUM","0","ENUM","4","Target to edit"
0x2670003,2,"POSTYPE","ENUM","4","ENUM","4","Defines type and units of input position"
0x2670003,3,"POS0","none","8","DFP","8","Position argument 0 of type and units defined by PosType"
0x2670003,4,"POS1","none","16","DFP","8","Position argument 1 of type and units defined by PosType"
0x2670003,5,"POS2","none","24","DFP","8","Position argument 2 of type and units defined by PosType"
0x2670003,6,"GROUNDSPEED_KMPS","km/s","32","DFP","8","Horizontal speed to trace the scan path from this point to the next one, which determines scan duration"
0x2670004,1,"TARGET","ENUM","0","ENUM","4","Target to reset"
0x2670005,1,"TARGET","ENUM","0","ENUM","4","Target to edit"
0x2670005,2,"PATHINTERPTYPE","ENUM","4","ENUM","4","Path interpolation method"
0x2670006,1,"COMPUTETLM","ENUM","0","ENUM","4","True = all targets will cyclically compute telemetry. False = no targets will compute telemetry."
0x2670007,1,"TARGET","ENUM","0","ENUM","4","Target for which to change telemetry status."
0x2670007,2,"COMPUTETLM","ENUM","4","ENUM","4","True = target will cyclically compute telemetry. False = target will not compute telemetry."
0x26c0000,1,"BUSCONFIG","ENUM","0","ENUM","4","Selected Bus Configuration"
0x26c0001,1,"MASSNODE","ENUM","0","ENUM","4","Selected mass node"
0x26c0001,2,"MASS_KG","kg","8","DFP","8","Mass value for specified node"
0x26c0002,1,"MASSNODE","ENUM","0","ENUM","4","Selected mass node"
0x26c0002,2,"DECREMENTMASS_KG","kg","8","DFP","8","Mass amount to remove from specified node"
0x26c0003,1,"ATTCONTROLLER","ENUM","0","ENUM","4","Selected Attitude Controller"
0x26c0005,1,"MISSIONMODE","ENUM","0","ENUM","4","Selected mission mode"
0x2bc0000,1,"IDLEMODE","ENUM","0","ENUM","4","The Idle mode to transition to"
0x2bc0001,1,"HOLDMODE","ENUM","0","ENUM","4","The Hold mode to transition to"
0x2bc0002,1,"RATEDAMPMODE","ENUM","0","ENUM","4","The Rate Damp mode to transition to"
0x2bc0003,1,"SUNACQMODE","ENUM","0","ENUM","4","The sun acquisition mode to transition to"
0x2bc0004,1,"SLEWTIME_S","s","0","DFP","8","Duration of slew.  If time less than capabilities optimal slew time will be computed."
0x2bc0004,2,"SLEWMODE","ENUM","8","ENUM","4","The Slew mode to use (EigenSlew or RendezSlew)"
0x2bc0004,3,"TRACKMODE","ENUM","12","ENUM","4","The Tracking mode to slew to"
0x2bc0004,4,"CLOCKINGOPTION","ENUM","16","ENUM","4","The track mode clocking option.  If user selects same as align vector defaults to inertial clock."
0x2bc0005,1,"SLEWTIME_S","s","0","DFP","8","Duration of slew.  If time less than capabilities optimal slew time will be computed."
0x2bc0005,2,"SLEWMODE","ENUM","8","ENUM","4","The Slew mode to use (EigenSlew or RendezSlew)"
0x2bc0005,3,"TRACKMODE","ENUM","12","ENUM","4","The Tracking mode to slew to"
0x2bc0005,4,"CLOCKINGOPTION","ENUM","16","ENUM","4","The track mode clocking option.  If user selects same as align vector defaults to inertial clock."
0x2bc0005,5,"CLOCKINGCENTRALBODY","ENUM","20","ENUM","4","Select central body to reference for the clocking option"
0x2bc0006,1,"SLEWTIME_S","s","0","DFP","8","Duration of slew.  If time less than capabilities, optimal slew time will be computed."
0x2bc0006,2,"SLEWMODE","ENUM","8","ENUM","4","The Slew mode to use (EigenSlew or RendezSlew)"
0x2bc0006,3,"Q_CBI2BDY0","none","16","DFP","8","Target attitude Q0"
0x2bc0006,4,"Q_CBI2BDY1","none","24","DFP","8","Target attitude Q1"
0x2bc0006,5,"Q_CBI2BDY2","none","32","DFP","8","Target attitude Q2"
0x2bc0006,6,"Q_CBI2BDY3","none","40","DFP","8","Target attitude Q3"
0x2bc0007,1,"SLEWTIME_S","s","0","DFP","8","Duration of slew.  If time less than capabilities, optimal slew time will be computed."
0x2bc0007,2,"SLEWMODE","ENUM","8","ENUM","4","The Slew mode to use (EigenSlew or RendezSlew)"
0x2bc0007,3,"SLEWANGLE_DEG","deg","16","DFP","8","Angle to slew"
0x2bc0007,4,"SLEWAXIS_UBDYX","Uvec","24","DFP","8","Body slew axis X"
0x2bc0007,5,"SLEWAXIS_UBDYY","Uvec","32","DFP","8","Body slew axis Y"
0x2bc0007,6,"SLEWAXIS_UBDYZ","Uvec","40","DFP","8","Body slew axis Z"
0x3170002,1,"POSITION_CBFX_M","m","0","DFP","8","New target central body fixed X position"
0x3170002,2,"POSITION_CBFY_M","m","8","DFP","8","New target central body fixed Y position"
0x3170002,3,"POSITION_CBFZ_M","m","16","DFP","8","New target central body fixed Z position"
0x3a20001,1,"INT1STATE_ATCX_RDPS2","rad/s^2","0","DFP","8","Value of the integrator state in attitude controller frame X"
0x3a20001,2,"INT1STATE_ATCY_RDPS2","rad/s^2","8","DFP","8","Value of the integrator state in attitude controller frame Y"
0x3a20001,3,"INT1STATE_ATCZ_RDPS2","rad/s^2","16","DFP","8","Value of the integrator state in attitude controller frame Z"
0x3a20002,1,"INT2STATE_ATCX_RDPS3","rad/s^3","0","DFP","8","Value of the first integrator state in integrator channel 2 in attitude controller frame X"
0x3a20002,2,"INT2STATE_ATCY_RDPS3","rad/s^3","8","DFP","8","Value of the first integrator state in integrator channel 2 in attitude controller frame Y"
0x3a20002,3,"INT2STATE_ATCZ_RDPS3","rad/s^3","16","DFP","8","Value of the first integrator state in integrator channel 2 in attitude controller frame Z"
0x3a20002,4,"INT2STATE_ATCX_RDPS2","rad/s^2","24","DFP","8","Value of the second integrator state in integrator channel 2 in attitude controller frame X"
0x3a20002,5,"INT2STATE_ATCY_RDPS2","rad/s^2","32","DFP","8","Value of the second integrator state in integrator channel 2 in attitude controller frame Y"
0x3a20002,6,"INT2STATE_ATCZ_RDPS2","rad/s^2","40","DFP","8","Value of the second integrator state in integrator channel 2 in attitude controller frame Z"
0x1cf0002,1,"ID","ENUM","0","ENUM","4","ActInSet container ID"
0x1cf0003,1,"ID","ENUM","0","ENUM","4","ActInSet container ID"
0x1cf0004,1,"ID","ENUM","0","ENUM","4","ActInSet container ID"
0x1cf0004,2,"NULLVECCOMPONENTVALUE","none","8","DFP","8","Null vector component value"
0x1cf0005,1,"THRSTATE","ENUM","0","ENUM","4","State to set the thruster controller"
0x1cf0006,1,"FIREDURATION_S","s","0","DFP","8","Firing duration"
0x1cf0006,2,"THROTTLEFRACTION","none","8","DFP","8","Throttle fraction (0 to 1)"
0x1cf0007,1,"ID","ENUM","0","ENUM","4","ActInSet container ID"
0x1cf0007,2,"FIREDURATION_S","s","8","DFP","8","Firing duration"
0x1cf0007,3,"THROTTLEFRACTION","none","16","DFP","8","Throttle fraction (0 to 1)"
0x1cf0009,1,"ID","ENUM","0","ENUM","4","ActInSet container ID"
0x1cf000b,1,"FORCECMD_BDYX_N","N","0","DFP","8","Specified force in BDYX"
0x1cf000b,2,"FORCECMD_BDYY_N","N","8","DFP","8","Specified force in BDYY"
0x1cf000b,3,"FORCECMD_BDYZ_N","N","16","DFP","8","Specified force in BDYZ"
0x1cf000c,1,"IMPULSECMD_BDYX_NS","N*s","0","DFP","8","Specified impulse in BDYX"
0x1cf000c,2,"IMPULSECMD_BDYY_NS","N*s","8","DFP","8","Specified impulse in BDYY"
0x1cf000c,3,"IMPULSECMD_BDYZ_NS","N*s","16","DFP","8","Specified impulse in BDYZ"
0x1ce0002,1,"ID","ENUM","0","ENUM","4","ActInSet container ID"
0x1ce0003,1,"ID","ENUM","0","ENUM","4","ActInSet container ID"
0x1ce0004,1,"ID","ENUM","0","ENUM","4","ActInSet container ID"
0x1ce0004,2,"NULLVECCOMPONENTVALUE","none","8","DFP","8","Null vector component value"
0x1ce0005,1,"THRSTATE","ENUM","0","ENUM","4","State to set the thruster controller"
0x1ce0006,1,"FIREDURATION_S","s","0","DFP","8","Firing duration"
0x1ce0006,2,"THROTTLEFRACTION","none","8","DFP","8","Throttle fraction (0 to 1)"
0x1ce0007,1,"ID","ENUM","0","ENUM","4","ActInSet container ID"
0x1ce0007,2,"FIREDURATION_S","s","8","DFP","8","Firing duration"
0x1ce0007,3,"THROTTLEFRACTION","none","16","DFP","8","Throttle fraction (0 to 1)"
0x1ce0009,1,"ID","ENUM","0","ENUM","4","ActInSet container ID"
0x1ce000b,1,"FORCECMD_BDYX_N","N","0","DFP","8","Specified force in BDYX"
0x1ce000b,2,"FORCECMD_BDYY_N","N","8","DFP","8","Specified force in BDYY"
0x1ce000b,3,"FORCECMD_BDYZ_N","N","16","DFP","8","Specified force in BDYZ"
0x1ce000c,1,"IMPULSECMD_BDYX_NS","N*s","0","DFP","8","Specified impulse in BDYX"
0x1ce000c,2,"IMPULSECMD_BDYY_NS","N*s","8","DFP","8","Specified impulse in BDYY"
0x1ce000c,3,"IMPULSECMD_BDYZ_NS","N*s","16","DFP","8","Specified impulse in BDYZ"
0x1cc0002,1,"ID","ENUM","0","ENUM","4","ActInSet container ID"
0x1cc0003,1,"ID","ENUM","0","ENUM","4","ActInSet container ID"
0x1cc0004,1,"ID","ENUM","0","ENUM","4","ActInSet container ID"
0x1cc0004,2,"NULLVECCOMPONENTVALUE","none","8","DFP","8","Null vector component value"
0x1cc0005,1,"THRSTATE","ENUM","0","ENUM","4","State to set the thruster controller"
0x1cc0006,1,"FIREDURATION_S","s","0","DFP","8","Firing duration"
0x1cc0006,2,"THROTTLEFRACTION","none","8","DFP","8","Throttle fraction (0 to 1)"
0x1cc0007,1,"ID","ENUM","0","ENUM","4","ActInSet container ID"
0x1cc0007,2,"FIREDURATION_S","s","8","DFP","8","Firing duration"
0x1cc0007,3,"THROTTLEFRACTION","none","16","DFP","8","Throttle fraction (0 to 1)"
0x1cc0009,1,"ID","ENUM","0","ENUM","4","ActInSet container ID"
0x1cc000b,1,"FORCECMD_BDYX_N","N","0","DFP","8","Specified force in BDYX"
0x1cc000b,2,"FORCECMD_BDYY_N","N","8","DFP","8","Specified force in BDYY"
0x1cc000b,3,"FORCECMD_BDYZ_N","N","16","DFP","8","Specified force in BDYZ"
0x1cc000c,1,"IMPULSECMD_BDYX_NS","N*s","0","DFP","8","Specified impulse in BDYX"
0x1cc000c,2,"IMPULSECMD_BDYY_NS","N*s","8","DFP","8","Specified impulse in BDYY"
0x1cc000c,3,"IMPULSECMD_BDYZ_NS","N*s","16","DFP","8","Specified impulse in BDYZ"
0x1cd0002,1,"ID","ENUM","0","ENUM","4","ActInSet container ID"
0x1cd0003,1,"ID","ENUM","0","ENUM","4","ActInSet container ID"
0x1cd0004,1,"ID","ENUM","0","ENUM","4","ActInSet container ID"
0x1cd0004,2,"NULLVECCOMPONENTVALUE","none","8","DFP","8","Null vector component value"
0x1cd0005,1,"THRSTATE","ENUM","0","ENUM","4","State to set the thruster controller"
0x1cd0006,1,"FIREDURATION_S","s","0","DFP","8","Firing duration"
0x1cd0006,2,"THROTTLEFRACTION","none","8","DFP","8","Throttle fraction (0 to 1)"
0x1cd0007,1,"ID","ENUM","0","ENUM","4","ActInSet container ID"
0x1cd0007,2,"FIREDURATION_S","s","8","DFP","8","Firing duration"
0x1cd0007,3,"THROTTLEFRACTION","none","16","DFP","8","Throttle fraction (0 to 1)"
0x1cd0009,1,"ID","ENUM","0","ENUM","4","ActInSet container ID"
0x1cd000b,1,"FORCECMD_BDYX_N","N","0","DFP","8","Specified force in BDYX"
0x1cd000b,2,"FORCECMD_BDYY_N","N","8","DFP","8","Specified force in BDYY"
0x1cd000b,3,"FORCECMD_BDYZ_N","N","16","DFP","8","Specified force in BDYZ"
0x1cd000c,1,"IMPULSECMD_BDYX_NS","N*s","0","DFP","8","Specified impulse in BDYX"
0x1cd000c,2,"IMPULSECMD_BDYY_NS","N*s","8","DFP","8","Specified impulse in BDYY"
0x1cd000c,3,"IMPULSECMD_BDYZ_NS","N*s","16","DFP","8","Specified impulse in BDYZ"
0x13880000,1,"FILE_NAME","none","0","AB","128","Name of cmd history file (relative to CmdHistMgr configured dir)"
0x13ec0000,1,"FILE","none","0","AB","128","File name"
0x13ec0001,1,"STRING","none","0","AB","256","Configuration string"
0x13ec0003,1,"STRING","none","0","AB","256","Print string"
0x13ec0004,1,"STRING","none","0","AB","128","EVR string"
0x13ec0005,1,"FILE","none","0","AB","128","File Name"
0x13ec0006,1,"STRING","none","0","AB","128","EVR string"
0x13ec0007,1,"LEVEL","none","0","ENUM","1","EVR level"
0x13ec0007,2,"STRING","none","1","AB","128","EVR string"
0x27130000,1,"APID","none","0","ULI","4","APID"
0x27130000,2,"HZ","none","8","DFP","8","Hz"
0x27130001,1,"STOP_START","none","0","ULI","4","Stop / start"
0x27130002,1,"SEQ_NUM","none","0","ULI","4","Sequence number"
0x27130003,1,"TIME","s","0","DFP","8","Time"
0x27110000,1,"APID","none","0","ULI","4","APID"
0x27110000,2,"HZ","none","8","DFP","8","Hz"
0x27110001,1,"STOP_START","none","0","ULI","4","Stop / start"
0x27110002,1,"SEQ_NUM","none","0","ULI","4","Sequence number"
0x27110003,1,"TIME","s","0","DFP","8","Time"
0x27120000,1,"APID","none","0","ULI","4","APID"
0x27120000,2,"HZ","none","8","DFP","8","Hz"
0x27120001,1,"STOP_START","none","0","ULI","4","Stop / start"
0x27120002,1,"SEQ_NUM","none","0","ULI","4","Sequence number"
0x27120003,1,"TIME","s","0","DFP","8","Time"
0x27100000,1,"APID","none","0","ULI","4","APID"
0x27100000,2,"HZ","none","8","DFP","8","Hz"
0x27100001,1,"STOP_START","none","0","ULI","4","Stop / start"
0x27100002,1,"SEQ_NUM","none","0","ULI","4","Sequence number"
0x27100003,1,"TIME","s","0","DFP","8","Time"
0x15e00000,1,"APID","none","0","ULI","4","APID"
0x15e00000,2,"HZ","Hz","8","DFP","8","Packet frequency"
0x15e00001,1,"STOP_START","none","0","ULI","4","Stop / start"
0x15e00002,1,"SEQ_NUM","none","0","ULI","4","Sequence number"
0x15e00003,1,"TIME","s","0","DFP","8","Time"
0x15e00004,1,"START_SEQ_NUM","none","0","ULI","4","Start sequence number"
0x15e00004,2,"END_SEQ_NUM","none","4","ULI","4","End sequence number"
0x15e00005,1,"START_TIME","s","0","DFP","8","Start time"
0x15e00005,2,"END_TIME","s","8","DFP","8","End time"
0x1c200000,1,"FILE_NAME","none","0","AB","128","File name"
0x1c200001,1,"FILE_ID","none","0","ULI","4","File ID"
0x1c200001,2,"START","none","4","ULI","4","Start sequence number"
0x1c200001,3,"END","none","8","ULI","4","End sequence number (rest of file if <= start sequence number"
0x1c200001,4,"FILE_NAME","none","16","AB","128","File name"
0x1c200003,1,"FILE_ID","none","0","ULI","4","File ID"
0x1c200004,1,"MANUAL_SETUP_REPEAT","none","12","UB","4","How many times to send setup packet when manually requested"
0x1c200005,1,"MANUAL_SETUP_REPEAT","none","12","UB","4","How many times to send setup packet when manually requested"
0x1c200005,2,"FILE_NAME","none","16","AB","128","File name"
0x1c2a0000,1,"SOURCE","none","0","AB","128","Source"
0x1c2a0000,2,"DEST","none","128","AB","128","Destination"
0x1c2a0000,3,"RECURSIVE","none","256","SLI","4","Recursive"
0x1c2a0001,1,"SOURCE","none","0","AB","128","Source"
0x1c2a0001,2,"DEST","none","128","AB","128","Destination"
0x1c2a0002,1,"DIR","none","0","AB","128","Directory path"
0x1c2a0003,1,"FILE_NAME","none","0","AB","128","File Name"
0x1c2a0003,2,"RECURSIVE","none","128","SLI","4","Recursive"
0x1c2a0004,1,"FILE_NAME","none","0","AB","128","File Name"
0x1c2a0004,2,"RECURSIVE","none","128","SLI","4","Recursive"
0x1c2a0005,1,"SOURCE","none","0","AB","128","Source"
0x1c2a0005,2,"DEST","none","128","AB","128","Destination"
0x1c2a0005,3,"RECURSIVE","none","256","SLI","4","Recursive"
0x1bbc0000,1,"FILE_ID","none","0","ULI","4","File ID"
0x1bbc0000,2,"NUM_BYTES","none","4","ULI","4","Number of bytes"
0x1bbc0000,3,"NUM_PCKTS","none","8","ULI","4","Number of data packets"
0x1bbc0000,4,"EXP_CRC","none","12","ULI","4","Expected CRC"
0x1bbc0000,5,"FILE_NAME","none","16","AB","128","File name"
0x1bbc0001,1,"FILE_ID","none","0","ULI","4","File ID"
0x1bbc0001,2,"SEQ_NUM","none","4","ULI","4","Sequence number"
0x1bbc0001,3,"OFFSET","none","8","ULI","4","Byte offset"
0x1bbc0001,4,"BYTES","none","12","ULI","4","Bytes"
0x1bbc0001,5,"DATA","none","16","UB","1024","Data"
0x64a0000,1,"ENABLE","ENUM","0","ENUM","4","Enable flag"
0x64a0002,1,"LENGTH","bytes","0","UI","2","Length of message"
0x64a0002,2,"BLOB","none","2","UB","1024","Command blob"
0x64a0005,1,"NAME","none","0","AB","128","File name. Location is given by parameter S_CmdFileLocation."
0x64a0007,1,"FLAG","ENUM","0","ENUM","4","Flag to set"
0x64a0007,2,"VALUE","none","4","UB","1","Flag value"
0x64b0001,1,"ENABLE","ENUM","0","ENUM","4","Priority flag"
0x17d40000,1,"Seconds","s","0","DFP","8","Seconds"
0x17d40000,2,"File","none","8","AB","64","File or procedure name.  If an extension is included then it is a file name.  If procedure name is not found then an extension will be added (i.e. ".fj")"
0x17d40000,3,"Args","none","72","AB","64","Arguments (comma separated)"
0x17d40001,1,"Time","SCLK","0","DFP","8","SCLK Time"
0x17d40001,2,"File","none","8","AB","64","File or procedure name.  If an extension is included then it is a file name.  If procedure name is not found then an extension will be added (i.e. ".fj")"
0x17d40001,3,"Args","none","72","AB","64","Arguments (comma separated)"
0x17d40002,1,"Proc","none","0","AB","64","Procedure Name.  Note this is not a file name and the extension (i.e. ".fj") should never be included."
0x17d40004,1,"Proc","none","0","AB","64","Procedure Name(s) (comma separated).  Note these are not file names and the extension (i.e. ".fj") should never be included."
0x17d40005,1,"Proc","none","0","AB","64","File or procedure name.  If an extension is included then it is a file name.  If procedure name is not found then an extension will be added (i.e. ".fj")"
0x17d40006,1,"Proc","none","0","AB","64","File or procedure name.  If an extension is included then it is a file name.  If procedure name is not found then an extension will be added (i.e. ".fj")"
0x17d40008,1,"Engine","none","0","SLI","4","Engine"
0x17d40008,2,"Proc","none","4","AB","64","Procedure Name.  Note this is not a file name and the extension (i.e. ".fj") should never be included."
0x17d40008,3,"Line","none","68","SLI","4","Line Number"
0x44c0000,1,"ADJUSTMENTVALUE","ms","0","SLI","4","The amount of time in ms to adjust the clock (+/-)"
