"Function Code","Enum Name","Enum Value","Item Description","Parameter","Dependant Parameter","Dependant Enum Name"
0x6e0000,"STIM1","0","STIM1","ID","NULL","NULL"
0x6e0000,"SEIKO","1","SEIKO","ID","NULL","NULL"
0x6e0000,"STIM2","2","STIM2","ID","NULL","NULL"
0x6e0000,"ModelClosed","0","ModelClosed","E_CONNECTIONSTATE","NULL","NULL"
0x6e0000,"HWClosed","1","HWClosed","E_CONNECTIONSTATE","NULL","NULL"
0x6e0000,"ModelClosedHWOpen","2","ModelClosedHWOpen","E_CONNECTIONSTATE","NULL","NULL"
0x6e0000,"ModelHWCombo","3","ModelHWCombo","E_CONNECTIONSTATE","NULL","NULL"
0x6e0000,"ModelOpenHWClosed","4","ModelOpenHWClosed","E_CONNECTIONSTATE","NULL","NULL"
0x6e0001,"ModelClosed","0","ModelClosed","E_CONNECTIONSTATE","NULL","NULL"
0x6e0001,"HWClosed","1","HWClosed","E_CONNECTIONSTATE","NULL","NULL"
0x6e0001,"ModelClosedHWOpen","2","ModelClosedHWOpen","E_CONNECTIONSTATE","NULL","NULL"
0x6e0001,"ModelHWCombo","3","ModelHWCombo","E_CONNECTIONSTATE","NULL","NULL"
0x6e0001,"ModelOpenHWClosed","4","ModelOpenHWClosed","E_CONNECTIONSTATE","NULL","NULL"
0x6e0002,"FALSE","0","FALSE","ENABLE","NULL","NULL"
0x6e0002,"TRUE","1","TRUE","ENABLE","NULL","NULL"
0x6e0003,"STIM1","0","STIM1","ID","NULL","NULL"
0x6e0003,"SEIKO","1","SEIKO","ID","NULL","NULL"
0x6e0003,"STIM2","2","STIM2","ID","NULL","NULL"
0x6e0003,"FALSE","0","FALSE","ENABLE","NULL","NULL"
0x6e0003,"TRUE","1","TRUE","ENABLE","NULL","NULL"
0x780000,"STR_pZ","0","STR_pZ","ID","NULL","NULL"
0x780000,"STR_mZ","1","STR_mZ","ID","NULL","NULL"
0x780000,"ModelClosed","0","ModelClosed","E_CONNECTIONSTATE","NULL","NULL"
0x780000,"HWClosed","1","HWClosed","E_CONNECTIONSTATE","NULL","NULL"
0x780000,"ModelClosedHWOpen","2","ModelClosedHWOpen","E_CONNECTIONSTATE","NULL","NULL"
0x780000,"ModelHWCombo","3","ModelHWCombo","E_CONNECTIONSTATE","NULL","NULL"
0x780000,"ModelOpenHWClosed","4","ModelOpenHWClosed","E_CONNECTIONSTATE","NULL","NULL"
0x780001,"ModelClosed","0","ModelClosed","E_CONNECTIONSTATE","NULL","NULL"
0x780001,"HWClosed","1","HWClosed","E_CONNECTIONSTATE","NULL","NULL"
0x780001,"ModelClosedHWOpen","2","ModelClosedHWOpen","E_CONNECTIONSTATE","NULL","NULL"
0x780001,"ModelHWCombo","3","ModelHWCombo","E_CONNECTIONSTATE","NULL","NULL"
0x780001,"ModelOpenHWClosed","4","ModelOpenHWClosed","E_CONNECTIONSTATE","NULL","NULL"
0x780002,"FALSE","0","FALSE","ENABLE","NULL","NULL"
0x780002,"TRUE","1","TRUE","ENABLE","NULL","NULL"
0x780003,"STR_pZ","0","STR_pZ","ID","NULL","NULL"
0x780003,"STR_mZ","1","STR_mZ","ID","NULL","NULL"
0x780003,"FALSE","0","FALSE","ENABLE","NULL","NULL"
0x780003,"TRUE","1","TRUE","ENABLE","NULL","NULL"
0x820000,"SSpYmZ","0","SSpYmZ","ID","NULL","NULL"
0x820000,"SSpYpZ","1","SSpYpZ","ID","NULL","NULL"
0x820000,"SSmYpX","2","SSmYpX","ID","NULL","NULL"
0x820000,"SSmX","3","SSmX","ID","NULL","NULL"
0x820000,"ModelClosed","0","ModelClosed","E_CONNECTIONSTATE","NULL","NULL"
0x820000,"HWClosed","1","HWClosed","E_CONNECTIONSTATE","NULL","NULL"
0x820000,"ModelClosedHWOpen","2","ModelClosedHWOpen","E_CONNECTIONSTATE","NULL","NULL"
0x820000,"ModelHWCombo","3","ModelHWCombo","E_CONNECTIONSTATE","NULL","NULL"
0x820000,"ModelOpenHWClosed","4","ModelOpenHWClosed","E_CONNECTIONSTATE","NULL","NULL"
0x820001,"ModelClosed","0","ModelClosed","E_CONNECTIONSTATE","NULL","NULL"
0x820001,"HWClosed","1","HWClosed","E_CONNECTIONSTATE","NULL","NULL"
0x820001,"ModelClosedHWOpen","2","ModelClosedHWOpen","E_CONNECTIONSTATE","NULL","NULL"
0x820001,"ModelHWCombo","3","ModelHWCombo","E_CONNECTIONSTATE","NULL","NULL"
0x820001,"ModelOpenHWClosed","4","ModelOpenHWClosed","E_CONNECTIONSTATE","NULL","NULL"
0x820002,"FALSE","0","FALSE","ENABLE","NULL","NULL"
0x820002,"TRUE","1","TRUE","ENABLE","NULL","NULL"
0x820003,"SSpYmZ","0","SSpYmZ","ID","NULL","NULL"
0x820003,"SSpYpZ","1","SSpYpZ","ID","NULL","NULL"
0x820003,"SSmYpX","2","SSmYpX","ID","NULL","NULL"
0x820003,"SSmX","3","SSmX","ID","NULL","NULL"
0x820003,"FALSE","0","FALSE","ENABLE","NULL","NULL"
0x820003,"TRUE","1","TRUE","ENABLE","NULL","NULL"
0xb40000,"VNS","0","VNS","ID","NULL","NULL"
0xb40000,"ModelClosed","0","ModelClosed","E_CONNECTIONSTATE","NULL","NULL"
0xb40000,"HWClosed","1","HWClosed","E_CONNECTIONSTATE","NULL","NULL"
0xb40000,"ModelClosedHWOpen","2","ModelClosedHWOpen","E_CONNECTIONSTATE","NULL","NULL"
0xb40000,"ModelHWCombo","3","ModelHWCombo","E_CONNECTIONSTATE","NULL","NULL"
0xb40000,"ModelOpenHWClosed","4","ModelOpenHWClosed","E_CONNECTIONSTATE","NULL","NULL"
0xb40001,"ModelClosed","0","ModelClosed","E_CONNECTIONSTATE","NULL","NULL"
0xb40001,"HWClosed","1","HWClosed","E_CONNECTIONSTATE","NULL","NULL"
0xb40001,"ModelClosedHWOpen","2","ModelClosedHWOpen","E_CONNECTIONSTATE","NULL","NULL"
0xb40001,"ModelHWCombo","3","ModelHWCombo","E_CONNECTIONSTATE","NULL","NULL"
0xb40001,"ModelOpenHWClosed","4","ModelOpenHWClosed","E_CONNECTIONSTATE","NULL","NULL"
0xbe0000,"mY","0","mY","ID","NULL","NULL"
0xbe0000,"mX","1","mX","ID","NULL","NULL"
0xbe0000,"ModelClosed","0","ModelClosed","E_CONNECTIONSTATE","NULL","NULL"
0xbe0000,"HWClosed","1","HWClosed","E_CONNECTIONSTATE","NULL","NULL"
0xbe0000,"ModelClosedHWOpen","2","ModelClosedHWOpen","E_CONNECTIONSTATE","NULL","NULL"
0xbe0000,"ModelHWCombo","3","ModelHWCombo","E_CONNECTIONSTATE","NULL","NULL"
0xbe0000,"ModelOpenHWClosed","4","ModelOpenHWClosed","E_CONNECTIONSTATE","NULL","NULL"
0xbe0001,"ModelClosed","0","ModelClosed","E_CONNECTIONSTATE","NULL","NULL"
0xbe0001,"HWClosed","1","HWClosed","E_CONNECTIONSTATE","NULL","NULL"
0xbe0001,"ModelClosedHWOpen","2","ModelClosedHWOpen","E_CONNECTIONSTATE","NULL","NULL"
0xbe0001,"ModelHWCombo","3","ModelHWCombo","E_CONNECTIONSTATE","NULL","NULL"
0xbe0001,"ModelOpenHWClosed","4","ModelOpenHWClosed","E_CONNECTIONSTATE","NULL","NULL"
0xbe0002,"FALSE","0","FALSE","ENABLE","NULL","NULL"
0xbe0002,"TRUE","1","TRUE","ENABLE","NULL","NULL"
0xbe0003,"mY","0","mY","ID","NULL","NULL"
0xbe0003,"mX","1","mX","ID","NULL","NULL"
0xbe0003,"FALSE","0","FALSE","ENABLE","NULL","NULL"
0xbe0003,"TRUE","1","TRUE","ENABLE","NULL","NULL"
0x1040000,"MainEngine","0","MainEngine","ID","NULL","NULL"
0x1040000,"RCS1","1","RCS1","ID","NULL","NULL"
0x1040000,"RCS2","2","RCS2","ID","NULL","NULL"
0x1040000,"RCS3","3","RCS3","ID","NULL","NULL"
0x1040000,"RCS4","4","RCS4","ID","NULL","NULL"
0x1040000,"RCS5","5","RCS5","ID","NULL","NULL"
0x1040000,"RCS6","6","RCS6","ID","NULL","NULL"
0x1040000,"RCS7","7","RCS7","ID","NULL","NULL"
0x1040000,"RCS8","8","RCS8","ID","NULL","NULL"
0x1040000,"ACS01","9","ACS01","ID","NULL","NULL"
0x1040000,"ACS02","10","ACS02","ID","NULL","NULL"
0x1040000,"ACS03","11","ACS03","ID","NULL","NULL"
0x1040000,"ACS04","12","ACS04","ID","NULL","NULL"
0x1040000,"ACS05","13","ACS05","ID","NULL","NULL"
0x1040000,"ACS06","14","ACS06","ID","NULL","NULL"
0x1040000,"ACS07","15","ACS07","ID","NULL","NULL"
0x1040000,"ACS08","16","ACS08","ID","NULL","NULL"
0x1040000,"ACS09","17","ACS09","ID","NULL","NULL"
0x1040000,"ACS10","18","ACS10","ID","NULL","NULL"
0x1040000,"ACS11","19","ACS11","ID","NULL","NULL"
0x1040000,"ACS12","20","ACS12","ID","NULL","NULL"
0x1040000,"ModelClosed","0","ModelClosed","E_CONNECTIONSTATE","NULL","NULL"
0x1040000,"HWClosed","1","HWClosed","E_CONNECTIONSTATE","NULL","NULL"
0x1040000,"ModelClosedHWOpen","2","ModelClosedHWOpen","E_CONNECTIONSTATE","NULL","NULL"
0x1040000,"ModelHWCombo","3","ModelHWCombo","E_CONNECTIONSTATE","NULL","NULL"
0x1040000,"ModelOpenHWClosed","4","ModelOpenHWClosed","E_CONNECTIONSTATE","NULL","NULL"
0x1040001,"ModelClosed","0","ModelClosed","E_CONNECTIONSTATE","NULL","NULL"
0x1040001,"HWClosed","1","HWClosed","E_CONNECTIONSTATE","NULL","NULL"
0x1040001,"ModelClosedHWOpen","2","ModelClosedHWOpen","E_CONNECTIONSTATE","NULL","NULL"
0x1040001,"ModelHWCombo","3","ModelHWCombo","E_CONNECTIONSTATE","NULL","NULL"
0x1040001,"ModelOpenHWClosed","4","ModelOpenHWClosed","E_CONNECTIONSTATE","NULL","NULL"
0x258000b,"STR_pZ","0","STR_pZ","ID","NULL","NULL"
0x258000b,"STR_mZ","1","STR_mZ","ID","NULL","NULL"
0x258000b,"SSpYmZ","2","SSpYmZ","ID","NULL","NULL"
0x258000b,"SSpYpZ","3","SSpYpZ","ID","NULL","NULL"
0x258000b,"SSmYpX","4","SSmYpX","ID","NULL","NULL"
0x258000b,"SSmX","5","SSmX","ID","NULL","NULL"
0x25d0000,"FilterOff","0","FilterOff","FILTERSTATE","NULL","NULL"
0x25d0000,"FilterPassive","1","FilterPassive","FILTERSTATE","NULL","NULL"
0x25d0000,"FilterActive","2","FilterActive","FILTERSTATE","NULL","NULL"
0x2620002,"FALSE","0","FALSE","ENABLED","NULL","NULL"
0x2620002,"TRUE","1","TRUE","ENABLED","NULL","NULL"
0x2620003,"FALSE","0","FALSE","ENABLED","NULL","NULL"
0x2620003,"TRUE","1","TRUE","ENABLED","NULL","NULL"
0x2620004,"Sun","0","Sun","SPACECRAFTCENTRALBODY","NULL","NULL"
0x2620004,"Earth","1","Earth","SPACECRAFTCENTRALBODY","NULL","NULL"
0x2620004,"Moon","2","Moon","SPACECRAFTCENTRALBODY","NULL","NULL"
0x2650000,"PreSeparation","0","PreSeparation","MISSIONPHASE","NULL","NULL"
0x2650000,"LEOP","1","LEOP","MISSIONPHASE","NULL","NULL"
0x2650000,"Cruise","2","Cruise","MISSIONPHASE","NULL","NULL"
0x2650000,"LunarOrbit","3","LunarOrbit","MISSIONPHASE","NULL","NULL"
0x2650000,"Descent","4","Descent","MISSIONPHASE","NULL","NULL"
0x2650000,"Braking","5","Braking","MISSIONPHASE","NULL","NULL"
0x2650000,"Approach","6","Approach","MISSIONPHASE","NULL","NULL"
0x2650000,"Targeting","7","Targeting","MISSIONPHASE","NULL","NULL"
0x2650000,"Terminal","8","Terminal","MISSIONPHASE","NULL","NULL"
0x2650000,"Landing","9","Landing","MISSIONPHASE","NULL","NULL"
0x2650000,"LunarSurface","10","LunarSurface","MISSIONPHASE","NULL","NULL"
0x2670000,"LandingZone","0","LandingZone","TARGET","NULL","NULL"
0x2670000,"SSC_Dongara","1","SSC_Dongara","TARGET","NULL","NULL"
0x2670000,"SSC_Kiurna","2","SSC_Kiurna","TARGET","NULL","NULL"
0x2670000,"SSC_Santiago","3","SSC_Santiago","TARGET","NULL","NULL"
0x2670000,"SSC_SouthPoint","4","SSC_SouthPoint","TARGET","NULL","NULL"
0x2670000,"EarthCenter","5","EarthCenter","TARGET","NULL","NULL"
0x2670000,"LLA_deg_m","0","LLA_deg_m","POSTYPE","NULL","NULL"
0x2670000,"LLA_rd_m","1","LLA_rd_m","POSTYPE","NULL","NULL"
0x2670000,"CBF_m","2","CBF_m","POSTYPE","NULL","NULL"
0x2670000,"Centric_LLA_deg_m","3","Centric_LLA_deg_m","POSTYPE","NULL","NULL"
0x2670000,"Centric_LLA_rd_m","4","Centric_LLA_rd_m","POSTYPE","NULL","NULL"
0x2670001,"LandingZone","0","LandingZone","TARGET","NULL","NULL"
0x2670001,"SSC_Dongara","1","SSC_Dongara","TARGET","NULL","NULL"
0x2670001,"SSC_Kiurna","2","SSC_Kiurna","TARGET","NULL","NULL"
0x2670001,"SSC_Santiago","3","SSC_Santiago","TARGET","NULL","NULL"
0x2670001,"SSC_SouthPoint","4","SSC_SouthPoint","TARGET","NULL","NULL"
0x2670001,"EarthCenter","5","EarthCenter","TARGET","NULL","NULL"
0x2670002,"LandingZone","0","LandingZone","TARGET","NULL","NULL"
0x2670002,"SSC_Dongara","1","SSC_Dongara","TARGET","NULL","NULL"
0x2670002,"SSC_Kiurna","2","SSC_Kiurna","TARGET","NULL","NULL"
0x2670002,"SSC_Santiago","3","SSC_Santiago","TARGET","NULL","NULL"
0x2670002,"SSC_SouthPoint","4","SSC_SouthPoint","TARGET","NULL","NULL"
0x2670002,"EarthCenter","5","EarthCenter","TARGET","NULL","NULL"
0x2670002,"LLA_deg_m","0","LLA_deg_m","POSTYPE","NULL","NULL"
0x2670002,"LLA_rd_m","1","LLA_rd_m","POSTYPE","NULL","NULL"
0x2670002,"CBF_m","2","CBF_m","POSTYPE","NULL","NULL"
0x2670002,"Centric_LLA_deg_m","3","Centric_LLA_deg_m","POSTYPE","NULL","NULL"
0x2670002,"Centric_LLA_rd_m","4","Centric_LLA_rd_m","POSTYPE","NULL","NULL"
0x2670003,"LandingZone","0","LandingZone","TARGET","NULL","NULL"
0x2670003,"SSC_Dongara","1","SSC_Dongara","TARGET","NULL","NULL"
0x2670003,"SSC_Kiurna","2","SSC_Kiurna","TARGET","NULL","NULL"
0x2670003,"SSC_Santiago","3","SSC_Santiago","TARGET","NULL","NULL"
0x2670003,"SSC_SouthPoint","4","SSC_SouthPoint","TARGET","NULL","NULL"
0x2670003,"EarthCenter","5","EarthCenter","TARGET","NULL","NULL"
0x2670003,"LLA_deg_m","0","LLA_deg_m","POSTYPE","NULL","NULL"
0x2670003,"LLA_rd_m","1","LLA_rd_m","POSTYPE","NULL","NULL"
0x2670003,"CBF_m","2","CBF_m","POSTYPE","NULL","NULL"
0x2670003,"Centric_LLA_deg_m","3","Centric_LLA_deg_m","POSTYPE","NULL","NULL"
0x2670003,"Centric_LLA_rd_m","4","Centric_LLA_rd_m","POSTYPE","NULL","NULL"
0x2670004,"LandingZone","0","LandingZone","TARGET","NULL","NULL"
0x2670004,"SSC_Dongara","1","SSC_Dongara","TARGET","NULL","NULL"
0x2670004,"SSC_Kiurna","2","SSC_Kiurna","TARGET","NULL","NULL"
0x2670004,"SSC_Santiago","3","SSC_Santiago","TARGET","NULL","NULL"
0x2670004,"SSC_SouthPoint","4","SSC_SouthPoint","TARGET","NULL","NULL"
0x2670004,"EarthCenter","5","EarthCenter","TARGET","NULL","NULL"
0x2670005,"LandingZone","0","LandingZone","TARGET","NULL","NULL"
0x2670005,"SSC_Dongara","1","SSC_Dongara","TARGET","NULL","NULL"
0x2670005,"SSC_Kiurna","2","SSC_Kiurna","TARGET","NULL","NULL"
0x2670005,"SSC_Santiago","3","SSC_Santiago","TARGET","NULL","NULL"
0x2670005,"SSC_SouthPoint","4","SSC_SouthPoint","TARGET","NULL","NULL"
0x2670005,"EarthCenter","5","EarthCenter","TARGET","NULL","NULL"
0x2670005,"LatLonAlt","0","LatLonAlt","PATHINTERPTYPE","NULL","NULL"
0x2670005,"XYZ","1","XYZ","PATHINTERPTYPE","NULL","NULL"
0x2670005,"GreatCircle","2","GreatCircle","PATHINTERPTYPE","NULL","NULL"
0x2670005,"OblateSpheroid","3","OblateSpheroid","PATHINTERPTYPE","NULL","NULL"
0x2670006,"FALSE","0","FALSE","COMPUTETLM","NULL","NULL"
0x2670006,"TRUE","1","TRUE","COMPUTETLM","NULL","NULL"
0x2670007,"LandingZone","0","LandingZone","TARGET","NULL","NULL"
0x2670007,"SSC_Dongara","1","SSC_Dongara","TARGET","NULL","NULL"
0x2670007,"SSC_Kiurna","2","SSC_Kiurna","TARGET","NULL","NULL"
0x2670007,"SSC_Santiago","3","SSC_Santiago","TARGET","NULL","NULL"
0x2670007,"SSC_SouthPoint","4","SSC_SouthPoint","TARGET","NULL","NULL"
0x2670007,"EarthCenter","5","EarthCenter","TARGET","NULL","NULL"
0x2670007,"FALSE","0","FALSE","COMPUTETLM","NULL","NULL"
0x2670007,"TRUE","1","TRUE","COMPUTETLM","NULL","NULL"
0x26c0000,"Baseline","0","Baseline","BUSCONFIG","NULL","NULL"
0x26c0001,"Tank1_Fuel","0","Tank1_Fuel","MASSNODE","NULL","NULL"
0x26c0001,"Tank2_Ox","1","Tank2_Ox","MASSNODE","NULL","NULL"
0x26c0001,"Tank3_Fuel","2","Tank3_Fuel","MASSNODE","NULL","NULL"
0x26c0001,"Tank4_Ox","3","Tank4_Ox","MASSNODE","NULL","NULL"
0x26c0001,"Tank5_ColdGas","4","Tank5_ColdGas","MASSNODE","NULL","NULL"
0x26c0001,"Tank6_ColdGas","5","Tank6_ColdGas","MASSNODE","NULL","NULL"
0x26c0002,"Tank1_Fuel","0","Tank1_Fuel","MASSNODE","NULL","NULL"
0x26c0002,"Tank2_Ox","1","Tank2_Ox","MASSNODE","NULL","NULL"
0x26c0002,"Tank3_Fuel","2","Tank3_Fuel","MASSNODE","NULL","NULL"
0x26c0002,"Tank4_Ox","3","Tank4_Ox","MASSNODE","NULL","NULL"
0x26c0002,"Tank5_ColdGas","4","Tank5_ColdGas","MASSNODE","NULL","NULL"
0x26c0002,"Tank6_ColdGas","5","Tank6_ColdGas","MASSNODE","NULL","NULL"
0x26c0003,"ACS","0","ACS","ATTCONTROLLER","NULL","NULL"
0x26c0003,"ACS_PhasePlaneLoose","1","ACS_PhasePlaneLoose","ATTCONTROLLER","NULL","NULL"
0x26c0003,"ACS_PhasePlaneTight","2","ACS_PhasePlaneTight","ATTCONTROLLER","NULL","NULL"
0x26c0003,"ACS_PhasePlaneFullTight","3","ACS_PhasePlaneFullTight","ATTCONTROLLER","NULL","NULL"
0x26c0003,"RCS","4","RCS","ATTCONTROLLER","NULL","NULL"
0x26c0003,"RCS_ForME","5","RCS_ForME","ATTCONTROLLER","NULL","NULL"
0x26c0005,"FLIGHT","0","FLIGHT","MISSIONMODE","NULL","NULL"
0x26c0005,"SAFE_FLIGHT","1","SAFE_FLIGHT","MISSIONMODE","NULL","NULL"
0x26c0005,"FLIGHT_CRITICAL","2","FLIGHT_CRITICAL","MISSIONMODE","NULL","NULL"
0x26c0005,"DESCENT_CRITICAL","3","DESCENT_CRITICAL","MISSIONMODE","NULL","NULL"
0x26c0005,"SURFACE","4","SURFACE","MISSIONMODE","NULL","NULL"
0x26c0005,"SURFACE_SAFE","5","SURFACE_SAFE","MISSIONMODE","NULL","NULL"
0x26c0005,"SURFACE_EXTENDED","6","SURFACE_EXTENDED","MISSIONMODE","NULL","NULL"
0x26c0005,"SURFACE_NIGHT","7","SURFACE_NIGHT","MISSIONMODE","NULL","NULL"
0x2bc0000,"Idle","0","Idle","IDLEMODE","NULL","NULL"
0x2bc0001,"Hold","0","Hold","HOLDMODE","NULL","NULL"
0x2bc0002,"RateDamp","0","RateDamp","RATEDAMPMODE","NULL","NULL"
0x2bc0003,"SunAcq","0","SunAcq","SUNACQMODE","NULL","NULL"
0x2bc0004,"EigenSlewACS","0","EigenSlewACS","SLEWMODE","NULL","NULL"
0x2bc0004,"EigenSlewRCS","1","EigenSlewRCS","SLEWMODE","NULL","NULL"
0x2bc0004,"InertialPoint","0","InertialPoint","TRACKMODE","NULL","NULL"
0x2bc0004,"InertialVector","1","InertialVector","TRACKMODE","NULL","NULL"
0x2bc0004,"SunTrack","2","SunTrack","TRACKMODE","NULL","NULL"
0x2bc0004,"LGA1TgtTrack_ClockA","3","LGA1TgtTrack_ClockA","TRACKMODE","NULL","NULL"
0x2bc0004,"LGA1TgtTrack_ClockB","4","LGA1TgtTrack_ClockB","TRACKMODE","NULL","NULL"
0x2bc0004,"LGA2TgtTrack_ClockA","5","LGA2TgtTrack_ClockA","TRACKMODE","NULL","NULL"
0x2bc0004,"LGA2TgtTrack_ClockB","6","LGA2TgtTrack_ClockB","TRACKMODE","NULL","NULL"
0x2bc0004,"HGATgtTrack_ClockA","7","HGATgtTrack_ClockA","TRACKMODE","NULL","NULL"
0x2bc0004,"HGATgtTrack_ClockB","8","HGATgtTrack_ClockB","TRACKMODE","NULL","NULL"
0x2bc0004,"MoonNadirTrack","9","MoonNadirTrack","TRACKMODE","NULL","NULL"
0x2bc0004,"VelocityTrack","10","VelocityTrack","TRACKMODE","NULL","NULL"
0x2bc0004,"AntiVelocityTrack","11","AntiVelocityTrack","TRACKMODE","NULL","NULL"
0x2bc0004,"Descent","12","Descent","TRACKMODE","NULL","NULL"
0x2bc0004,"InertialFixed","0","InertialFixed","CLOCKINGOPTION","NULL","NULL"
0x2bc0004,"SC2Sun","1","SC2Sun","CLOCKINGOPTION","NULL","NULL"
0x2bc0004,"SC2NadirDetic","2","SC2NadirDetic","CLOCKINGOPTION","NULL","NULL"
0x2bc0004,"SC2NadirCentric","3","SC2NadirCentric","CLOCKINGOPTION","NULL","NULL"
0x2bc0004,"SCVelocity","4","SCVelocity","CLOCKINGOPTION","NULL","NULL"
0x2bc0004,"SCMagField","5","SCMagField","CLOCKINGOPTION","NULL","NULL"
0x2bc0004,"SC2Tgt","6","SC2Tgt","CLOCKINGOPTION","NULL","NULL"
0x2bc0004,"TgtNormal","7","TgtNormal","CLOCKINGOPTION","NULL","NULL"
0x2bc0004,"TrueNorth","8","TrueNorth","CLOCKINGOPTION","NULL","NULL"
0x2bc0004,"TrueNorthAtTgt","9","TrueNorthAtTgt","CLOCKINGOPTION","NULL","NULL"
0x2bc0004,"TgtVelocity","10","TgtVelocity","CLOCKINGOPTION","NULL","NULL"
0x2bc0004,"InertialVector","11","InertialVector","CLOCKINGOPTION","NULL","NULL"
0x2bc0004,"CBOrbitNormal","12","CBOrbitNormal","CLOCKINGOPTION","NULL","NULL"
0x2bc0004,"SCOrbitNormal","13","SCOrbitNormal","CLOCKINGOPTION","NULL","NULL"
0x2bc0004,"SCSurfaceRelativeVelocity","14","SCSurfaceRelativeVelocity","CLOCKINGOPTION","NULL","NULL"
0x2bc0004,"SCLocalHorizontalVel","15","SCLocalHorizontalVel","CLOCKINGOPTION","NULL","NULL"
0x2bc0004,"ExternalVector","16","ExternalVector","CLOCKINGOPTION","NULL","NULL"
0x2bc0004,"ExternalGuidance","17","ExternalGuidance","CLOCKINGOPTION","NULL","NULL"
0x2bc0005,"EigenSlewACS","0","EigenSlewACS","SLEWMODE","NULL","NULL"
0x2bc0005,"EigenSlewRCS","1","EigenSlewRCS","SLEWMODE","NULL","NULL"
0x2bc0005,"InertialPoint","0","InertialPoint","TRACKMODE","NULL","NULL"
0x2bc0005,"InertialVector","1","InertialVector","TRACKMODE","NULL","NULL"
0x2bc0005,"SunTrack","2","SunTrack","TRACKMODE","NULL","NULL"
0x2bc0005,"LGA1TgtTrack_ClockA","3","LGA1TgtTrack_ClockA","TRACKMODE","NULL","NULL"
0x2bc0005,"LGA1TgtTrack_ClockB","4","LGA1TgtTrack_ClockB","TRACKMODE","NULL","NULL"
0x2bc0005,"LGA2TgtTrack_ClockA","5","LGA2TgtTrack_ClockA","TRACKMODE","NULL","NULL"
0x2bc0005,"LGA2TgtTrack_ClockB","6","LGA2TgtTrack_ClockB","TRACKMODE","NULL","NULL"
0x2bc0005,"HGATgtTrack_ClockA","7","HGATgtTrack_ClockA","TRACKMODE","NULL","NULL"
0x2bc0005,"HGATgtTrack_ClockB","8","HGATgtTrack_ClockB","TRACKMODE","NULL","NULL"
0x2bc0005,"MoonNadirTrack","9","MoonNadirTrack","TRACKMODE","NULL","NULL"
0x2bc0005,"VelocityTrack","10","VelocityTrack","TRACKMODE","NULL","NULL"
0x2bc0005,"AntiVelocityTrack","11","AntiVelocityTrack","TRACKMODE","NULL","NULL"
0x2bc0005,"Descent","12","Descent","TRACKMODE","NULL","NULL"
0x2bc0005,"InertialFixed","0","InertialFixed","CLOCKINGOPTION","NULL","NULL"
0x2bc0005,"SC2Sun","1","SC2Sun","CLOCKINGOPTION","NULL","NULL"
0x2bc0005,"SC2NadirDetic","2","SC2NadirDetic","CLOCKINGOPTION","NULL","NULL"
0x2bc0005,"SC2NadirCentric","3","SC2NadirCentric","CLOCKINGOPTION","NULL","NULL"
0x2bc0005,"SCVelocity","4","SCVelocity","CLOCKINGOPTION","NULL","NULL"
0x2bc0005,"SCMagField","5","SCMagField","CLOCKINGOPTION","NULL","NULL"
0x2bc0005,"SC2Tgt","6","SC2Tgt","CLOCKINGOPTION","NULL","NULL"
0x2bc0005,"TgtNormal","7","TgtNormal","CLOCKINGOPTION","NULL","NULL"
0x2bc0005,"TrueNorth","8","TrueNorth","CLOCKINGOPTION","NULL","NULL"
0x2bc0005,"TrueNorthAtTgt","9","TrueNorthAtTgt","CLOCKINGOPTION","NULL","NULL"
0x2bc0005,"TgtVelocity","10","TgtVelocity","CLOCKINGOPTION","NULL","NULL"
0x2bc0005,"InertialVector","11","InertialVector","CLOCKINGOPTION","NULL","NULL"
0x2bc0005,"CBOrbitNormal","12","CBOrbitNormal","CLOCKINGOPTION","NULL","NULL"
0x2bc0005,"SCOrbitNormal","13","SCOrbitNormal","CLOCKINGOPTION","NULL","NULL"
0x2bc0005,"SCSurfaceRelativeVelocity","14","SCSurfaceRelativeVelocity","CLOCKINGOPTION","NULL","NULL"
0x2bc0005,"SCLocalHorizontalVel","15","SCLocalHorizontalVel","CLOCKINGOPTION","NULL","NULL"
0x2bc0005,"ExternalVector","16","ExternalVector","CLOCKINGOPTION","NULL","NULL"
0x2bc0005,"ExternalGuidance","17","ExternalGuidance","CLOCKINGOPTION","NULL","NULL"
0x2bc0005,"Sun","0","Sun","CLOCKINGCENTRALBODY","NULL","NULL"
0x2bc0005,"Earth","1","Earth","CLOCKINGCENTRALBODY","NULL","NULL"
0x2bc0005,"Moon","2","Moon","CLOCKINGCENTRALBODY","NULL","NULL"
0x2bc0006,"EigenSlewACS","0","EigenSlewACS","SLEWMODE","NULL","NULL"
0x2bc0006,"EigenSlewRCS","1","EigenSlewRCS","SLEWMODE","NULL","NULL"
0x2bc0007,"EigenSlewACS","0","EigenSlewACS","SLEWMODE","NULL","NULL"
0x2bc0007,"EigenSlewRCS","1","EigenSlewRCS","SLEWMODE","NULL","NULL"
0x1cf0002,"ACS01","0","ACS01","ID","NULL","NULL"
0x1cf0002,"ACS03","1","ACS03","ID","NULL","NULL"
0x1cf0002,"ACS04","2","ACS04","ID","NULL","NULL"
0x1cf0002,"ACS06","3","ACS06","ID","NULL","NULL"
0x1cf0002,"ACS07","4","ACS07","ID","NULL","NULL"
0x1cf0002,"ACS09","5","ACS09","ID","NULL","NULL"
0x1cf0002,"ACS10","6","ACS10","ID","NULL","NULL"
0x1cf0002,"ACS12","7","ACS12","ID","NULL","NULL"
0x1cf0003,"ACS01","0","ACS01","ID","NULL","NULL"
0x1cf0003,"ACS03","1","ACS03","ID","NULL","NULL"
0x1cf0003,"ACS04","2","ACS04","ID","NULL","NULL"
0x1cf0003,"ACS06","3","ACS06","ID","NULL","NULL"
0x1cf0003,"ACS07","4","ACS07","ID","NULL","NULL"
0x1cf0003,"ACS09","5","ACS09","ID","NULL","NULL"
0x1cf0003,"ACS10","6","ACS10","ID","NULL","NULL"
0x1cf0003,"ACS12","7","ACS12","ID","NULL","NULL"
0x1cf0004,"ACS01","0","ACS01","ID","NULL","NULL"
0x1cf0004,"ACS03","1","ACS03","ID","NULL","NULL"
0x1cf0004,"ACS04","2","ACS04","ID","NULL","NULL"
0x1cf0004,"ACS06","3","ACS06","ID","NULL","NULL"
0x1cf0004,"ACS07","4","ACS07","ID","NULL","NULL"
0x1cf0004,"ACS09","5","ACS09","ID","NULL","NULL"
0x1cf0004,"ACS10","6","ACS10","ID","NULL","NULL"
0x1cf0004,"ACS12","7","ACS12","ID","NULL","NULL"
0x1cf0005,"ATTITUDE_CONTROL","0","ATTITUDE_CONTROL","THRSTATE","NULL","NULL"
0x1cf0005,"MANUAL_CONTROL","1","MANUAL_CONTROL","THRSTATE","NULL","NULL"
0x1cf0005,"DELTA_V","2","DELTA_V","THRSTATE","NULL","NULL"
0x1cf0005,"SIXDOF","3","SIXDOF","THRSTATE","NULL","NULL"
0x1cf0007,"ACS01","0","ACS01","ID","NULL","NULL"
0x1cf0007,"ACS03","1","ACS03","ID","NULL","NULL"
0x1cf0007,"ACS04","2","ACS04","ID","NULL","NULL"
0x1cf0007,"ACS06","3","ACS06","ID","NULL","NULL"
0x1cf0007,"ACS07","4","ACS07","ID","NULL","NULL"
0x1cf0007,"ACS09","5","ACS09","ID","NULL","NULL"
0x1cf0007,"ACS10","6","ACS10","ID","NULL","NULL"
0x1cf0007,"ACS12","7","ACS12","ID","NULL","NULL"
0x1cf0009,"ACS01","0","ACS01","ID","NULL","NULL"
0x1cf0009,"ACS03","1","ACS03","ID","NULL","NULL"
0x1cf0009,"ACS04","2","ACS04","ID","NULL","NULL"
0x1cf0009,"ACS06","3","ACS06","ID","NULL","NULL"
0x1cf0009,"ACS07","4","ACS07","ID","NULL","NULL"
0x1cf0009,"ACS09","5","ACS09","ID","NULL","NULL"
0x1cf0009,"ACS10","6","ACS10","ID","NULL","NULL"
0x1cf0009,"ACS12","7","ACS12","ID","NULL","NULL"
0x1ce0002,"ACS02","0","ACS02","ID","NULL","NULL"
0x1ce0002,"ACS05","1","ACS05","ID","NULL","NULL"
0x1ce0002,"ACS08","2","ACS08","ID","NULL","NULL"
0x1ce0002,"ACS11","3","ACS11","ID","NULL","NULL"
0x1ce0003,"ACS02","0","ACS02","ID","NULL","NULL"
0x1ce0003,"ACS05","1","ACS05","ID","NULL","NULL"
0x1ce0003,"ACS08","2","ACS08","ID","NULL","NULL"
0x1ce0003,"ACS11","3","ACS11","ID","NULL","NULL"
0x1ce0004,"ACS02","0","ACS02","ID","NULL","NULL"
0x1ce0004,"ACS05","1","ACS05","ID","NULL","NULL"
0x1ce0004,"ACS08","2","ACS08","ID","NULL","NULL"
0x1ce0004,"ACS11","3","ACS11","ID","NULL","NULL"
0x1ce0005,"ATTITUDE_CONTROL","0","ATTITUDE_CONTROL","THRSTATE","NULL","NULL"
0x1ce0005,"MANUAL_CONTROL","1","MANUAL_CONTROL","THRSTATE","NULL","NULL"
0x1ce0005,"DELTA_V","2","DELTA_V","THRSTATE","NULL","NULL"
0x1ce0005,"SIXDOF","3","SIXDOF","THRSTATE","NULL","NULL"
0x1ce0007,"ACS02","0","ACS02","ID","NULL","NULL"
0x1ce0007,"ACS05","1","ACS05","ID","NULL","NULL"
0x1ce0007,"ACS08","2","ACS08","ID","NULL","NULL"
0x1ce0007,"ACS11","3","ACS11","ID","NULL","NULL"
0x1ce0009,"ACS02","0","ACS02","ID","NULL","NULL"
0x1ce0009,"ACS05","1","ACS05","ID","NULL","NULL"
0x1ce0009,"ACS08","2","ACS08","ID","NULL","NULL"
0x1ce0009,"ACS11","3","ACS11","ID","NULL","NULL"
0x1cc0002,"MainEngine","0","MainEngine","ID","NULL","NULL"
0x1cc0003,"MainEngine","0","MainEngine","ID","NULL","NULL"
0x1cc0004,"MainEngine","0","MainEngine","ID","NULL","NULL"
0x1cc0005,"ATTITUDE_CONTROL","0","ATTITUDE_CONTROL","THRSTATE","NULL","NULL"
0x1cc0005,"MANUAL_CONTROL","1","MANUAL_CONTROL","THRSTATE","NULL","NULL"
0x1cc0005,"DELTA_V","2","DELTA_V","THRSTATE","NULL","NULL"
0x1cc0005,"SIXDOF","3","SIXDOF","THRSTATE","NULL","NULL"
0x1cc0007,"MainEngine","0","MainEngine","ID","NULL","NULL"
0x1cc0009,"MainEngine","0","MainEngine","ID","NULL","NULL"
0x1cd0002,"RCS1","0","RCS1","ID","NULL","NULL"
0x1cd0002,"RCS2","1","RCS2","ID","NULL","NULL"
0x1cd0002,"RCS3","2","RCS3","ID","NULL","NULL"
0x1cd0002,"RCS4","3","RCS4","ID","NULL","NULL"
0x1cd0002,"RCS5","4","RCS5","ID","NULL","NULL"
0x1cd0002,"RCS6","5","RCS6","ID","NULL","NULL"
0x1cd0002,"RCS7","6","RCS7","ID","NULL","NULL"
0x1cd0002,"RCS8","7","RCS8","ID","NULL","NULL"
0x1cd0003,"RCS1","0","RCS1","ID","NULL","NULL"
0x1cd0003,"RCS2","1","RCS2","ID","NULL","NULL"
0x1cd0003,"RCS3","2","RCS3","ID","NULL","NULL"
0x1cd0003,"RCS4","3","RCS4","ID","NULL","NULL"
0x1cd0003,"RCS5","4","RCS5","ID","NULL","NULL"
0x1cd0003,"RCS6","5","RCS6","ID","NULL","NULL"
0x1cd0003,"RCS7","6","RCS7","ID","NULL","NULL"
0x1cd0003,"RCS8","7","RCS8","ID","NULL","NULL"
0x1cd0004,"RCS1","0","RCS1","ID","NULL","NULL"
0x1cd0004,"RCS2","1","RCS2","ID","NULL","NULL"
0x1cd0004,"RCS3","2","RCS3","ID","NULL","NULL"
0x1cd0004,"RCS4","3","RCS4","ID","NULL","NULL"
0x1cd0004,"RCS5","4","RCS5","ID","NULL","NULL"
0x1cd0004,"RCS6","5","RCS6","ID","NULL","NULL"
0x1cd0004,"RCS7","6","RCS7","ID","NULL","NULL"
0x1cd0004,"RCS8","7","RCS8","ID","NULL","NULL"
0x1cd0005,"ATTITUDE_CONTROL","0","ATTITUDE_CONTROL","THRSTATE","NULL","NULL"
0x1cd0005,"MANUAL_CONTROL","1","MANUAL_CONTROL","THRSTATE","NULL","NULL"
0x1cd0005,"DELTA_V","2","DELTA_V","THRSTATE","NULL","NULL"
0x1cd0005,"SIXDOF","3","SIXDOF","THRSTATE","NULL","NULL"
0x1cd0007,"RCS1","0","RCS1","ID","NULL","NULL"
0x1cd0007,"RCS2","1","RCS2","ID","NULL","NULL"
0x1cd0007,"RCS3","2","RCS3","ID","NULL","NULL"
0x1cd0007,"RCS4","3","RCS4","ID","NULL","NULL"
0x1cd0007,"RCS5","4","RCS5","ID","NULL","NULL"
0x1cd0007,"RCS6","5","RCS6","ID","NULL","NULL"
0x1cd0007,"RCS7","6","RCS7","ID","NULL","NULL"
0x1cd0007,"RCS8","7","RCS8","ID","NULL","NULL"
0x1cd0009,"RCS1","0","RCS1","ID","NULL","NULL"
0x1cd0009,"RCS2","1","RCS2","ID","NULL","NULL"
0x1cd0009,"RCS3","2","RCS3","ID","NULL","NULL"
0x1cd0009,"RCS4","3","RCS4","ID","NULL","NULL"
0x1cd0009,"RCS5","4","RCS5","ID","NULL","NULL"
0x1cd0009,"RCS6","5","RCS6","ID","NULL","NULL"
0x1cd0009,"RCS7","6","RCS7","ID","NULL","NULL"
0x1cd0009,"RCS8","7","RCS8","ID","NULL","NULL"
0x13ec0007,"QUIET","0","QUIET","LEVEL",NULL,NULL
0x13ec0007,"FATAL","1","FATAL","LEVEL",NULL,NULL
0x13ec0007,"CRIT","2","CRIT","LEVEL",NULL,NULL
0x13ec0007,"ERROR","3","ERROR","LEVEL",NULL,NULL
0x13ec0007,"WARNING","4","WARNING","LEVEL",NULL,NULL
0x13ec0007,"CAUSION","5","CAUSION","LEVEL",NULL,NULL
0x13ec0007,"INFO","6","INFO","LEVEL",NULL,NULL
0x13ec0007,"DEBUG","7","DEBUG","LEVEL",NULL,NULL
0x13ec0007,"VERBOSE","8","VERBOSE","LEVEL",NULL,NULL
0x13ec0007,"TRACE","9","TRACE","LEVEL",NULL,NULL
0x64a0000,"FALSE","0","FALSE","ENABLE","NULL","NULL"
0x64a0000,"TRUE","1","TRUE","ENABLE","NULL","NULL"
0x64a0007,"FLAG_1","1","FLAG_1","FLAG","NULL","NULL"
0x64a0007,"FLAG_2","2","FLAG_2","FLAG","NULL","NULL"
0x64a0007,"FLAG_3","3","FLAG_3","FLAG","NULL","NULL"
0x64a0007,"FLAG_4","4","FLAG_4","FLAG","NULL","NULL"
0x64b0001,"FALSE","0","FALSE","ENABLE","NULL","NULL"
0x64b0001,"TRUE","1","TRUE","ENABLE","NULL","NULL"
