"APID","Mnemonic","Enum Name","Enum Value"
463,"APT3_ISENABLED","False","0"
463,"APT3_ISENABLED","True","1"
463,"APT3_THRCTRLSTATE","ATTITUDE_CONTROL","0"
463,"APT3_THRCTRLSTATE","MANUAL_CONTROL","1"
463,"APT3_THRCTRLSTATE","DELTA_V","2"
463,"APT3_THRCTRLSTATE","SIXDOF","3"
462,"APT2_ISENABLED","False","0"
462,"APT2_ISENABLED","True","1"
462,"APT2_THRCTRLSTATE","ATTITUDE_CONTROL","0"
462,"APT2_THRCTRLSTATE","MANUAL_CONTROL","1"
462,"APT2_THRCTRLSTATE","DELTA_V","2"
462,"APT2_THRCTRLSTATE","SIXDOF","3"
460,"APT0_ISENABLED","False","0"
460,"APT0_ISENABLED","True","1"
460,"APT0_THRCTRLSTATE","ATTITUDE_CONTROL","0"
460,"APT0_THRCTRLSTATE","MANUAL_CONTROL","1"
460,"APT0_THRCTRLSTATE","DELTA_V","2"
460,"APT0_THRCTRLSTATE","SIXDOF","3"
461,"APT1_ISENABLED","False","0"
461,"APT1_ISENABLED","True","1"
461,"APT1_THRCTRLSTATE","ATTITUDE_CONTROL","0"
461,"APT1_THRCTRLSTATE","MANUAL_CONTROL","1"
461,"APT1_THRCTRLSTATE","DELTA_V","2"
461,"APT1_THRCTRLSTATE","SIXDOF","3"
600,"ATD_ADSTATE","UNDETERMINED","0"
600,"ATD_ADSTATE","DETERMINED","1"
602,"ATD_ALLOWAD","False","0"
602,"ATD_ALLOWAD","True","1"
602,"ATD_QFORMED","INIT_NOT_USED","0"
602,"ATD_QFORMED","INIT_PASS","1"
602,"ATD_QFORMED","INIT_FAIL","2"
602,"ATD_CHKATTCONSIST","INIT_NOT_USED","0"
602,"ATD_CHKATTCONSIST","INIT_PASS","1"
602,"ATD_CHKATTCONSIST","INIT_FAIL","2"
602,"ATD_CHKTIMEWINDOW","INIT_NOT_USED","0"
602,"ATD_CHKTIMEWINDOW","INIT_PASS","1"
602,"ATD_CHKTIMEWINDOW","INIT_FAIL","2"
602,"ATD_CHKSUNSENS","INIT_NOT_USED","0"
602,"ATD_CHKSUNSENS","INIT_PASS","1"
602,"ATD_CHKSUNSENS","INIT_FAIL","2"
602,"ATD_CHKMAGSENS","INIT_NOT_USED","0"
602,"ATD_CHKMAGSENS","INIT_PASS","1"
602,"ATD_CHKMAGSENS","INIT_FAIL","2"
602,"ATD_CHKHRZSENS","INIT_NOT_USED","0"
602,"ATD_CHKHRZSENS","INIT_PASS","1"
602,"ATD_CHKHRZSENS","INIT_FAIL","2"
791,"DG2_GUIDESTATE","Tracking","0"
791,"DG2_GUIDESTATE","Dsouza","1"
791,"DG2_GUIDESTATE","QuadraticCoast","2"
791,"DG2_GUIDESTATE","Targeting","3"
791,"DG2_GUIDESTATE","Terminal","4"
791,"DG2_GUIDESTATE","Landing","5"
791,"DG2_GUIDESTATE","Shutdown","6"
791,"DG2_CLOCKSTATE","SC2NadirDetic","0"
791,"DG2_CLOCKSTATE","TrueNorth","1"
791,"DG2_THRUSTENABLE","False","0"
791,"DG2_THRUSTENABLE","True","1"
610,"EPH_EPHEMSOURCE","Table","0"
610,"EPH_EPHEMSOURCE","PVT","1"
610,"EPH_EPHEMSOURCE","DirectUpdate","2"
610,"EPH_ECLIPSE","False","0"
610,"EPH_ECLIPSE","True","1"
611,"EPH_PROPENABLED","False","0"
611,"EPH_PROPENABLED","True","1"
611,"EPH_PROPCOMPLETED","False","0"
611,"EPH_PROPCOMPLETED","True","1"
612,"EPH_ECLIPSESun","False","0"
612,"EPH_ECLIPSESun","True","1"
612,"EPH_ECLIPSEEarth","False","0"
612,"EPH_ECLIPSEEarth","True","1"
612,"EPH_ECLIPSEMoon","False","0"
612,"EPH_ECLIPSEMoon","True","1"
613,"EEP_MISSIONPHASE","PreSeparation","0"
613,"EEP_MISSIONPHASE","LEOP","1"
613,"EEP_MISSIONPHASE","Cruise","2"
613,"EEP_MISSIONPHASE","LunarOrbit","3"
613,"EEP_MISSIONPHASE","Descent","4"
613,"EEP_MISSIONPHASE","Braking","5"
613,"EEP_MISSIONPHASE","Approach","6"
613,"EEP_MISSIONPHASE","Targeting","7"
613,"EEP_MISSIONPHASE","Terminal","8"
613,"EEP_MISSIONPHASE","Landing","9"
613,"EEP_MISSIONPHASE","LunarSurface","10"
800,"GID_GUIDETYPE","Idle","0"
800,"GID_GUIDETYPE","Hold","1"
800,"GID_GUIDETYPE","RateDamp","2"
800,"GID_GUIDETYPE","SunAcq","3"
800,"GID_GUIDETYPE","Tracking","4"
800,"GID_GUIDETYPE","EigenSlew","5"
800,"GID_GUIDETYPE","RendezSlew","6"
700,"MDC_GUIDETYPE","Idle","0"
700,"MDC_GUIDETYPE","Hold","1"
700,"MDC_GUIDETYPE","RateDamp","2"
700,"MDC_GUIDETYPE","SunAcq","3"
700,"MDC_GUIDETYPE","Tracking","4"
700,"MDC_GUIDETYPE","EigenSlew","5"
700,"MDC_GUIDETYPE","RendezSlew","6"
700,"MDC_ACMODE","Idle","0"
700,"MDC_ACMODE","Hold","1"
700,"MDC_ACMODE","RateDamp","2"
700,"MDC_ACMODE","SunAcq","3"
700,"MDC_ACMODE","InertialPoint","4"
700,"MDC_ACMODE","InertialVector","5"
700,"MDC_ACMODE","SunTrack","6"
700,"MDC_ACMODE","LGA1TgtTrack_ClockA","7"
700,"MDC_ACMODE","LGA1TgtTrack_ClockB","8"
700,"MDC_ACMODE","LGA2TgtTrack_ClockA","9"
700,"MDC_ACMODE","LGA2TgtTrack_ClockB","10"
700,"MDC_ACMODE","HGATgtTrack_ClockA","11"
700,"MDC_ACMODE","HGATgtTrack_ClockB","12"
700,"MDC_ACMODE","MoonNadirTrack","13"
700,"MDC_ACMODE","VelocityTrack","14"
700,"MDC_ACMODE","AntiVelocityTrack","15"
700,"MDC_ACMODE","Descent","16"
700,"MDC_ACMODE","EigenSlewACS","17"
700,"MDC_ACMODE","EigenSlewRCS","18"
700,"MDC_CLOCKINGOPTION","InertialFixed","0"
700,"MDC_CLOCKINGOPTION","SC2Sun","1"
700,"MDC_CLOCKINGOPTION","SC2NadirDetic","2"
700,"MDC_CLOCKINGOPTION","SC2NadirCentric","3"
700,"MDC_CLOCKINGOPTION","SCVelocity","4"
700,"MDC_CLOCKINGOPTION","SCMagField","5"
700,"MDC_CLOCKINGOPTION","SC2Tgt","6"
700,"MDC_CLOCKINGOPTION","TgtNormal","7"
700,"MDC_CLOCKINGOPTION","TrueNorth","8"
700,"MDC_CLOCKINGOPTION","TrueNorthAtTgt","9"
700,"MDC_CLOCKINGOPTION","TgtVelocity","10"
700,"MDC_CLOCKINGOPTION","InertialVector","11"
700,"MDC_CLOCKINGOPTION","CBOrbitNormal","12"
700,"MDC_CLOCKINGOPTION","SCOrbitNormal","13"
700,"MDC_CLOCKINGOPTION","SCSurfaceRelativeVelocity","14"
700,"MDC_CLOCKINGOPTION","SCLocalHorizontalVel","15"
700,"MDC_CLOCKINGOPTION","ExternalVector","16"
700,"MDC_CLOCKINGOPTION","ExternalGuidance","17"
700,"MDC_RESACMODE","Idle","0"
700,"MDC_RESACMODE","Hold","1"
700,"MDC_RESACMODE","RateDamp","2"
700,"MDC_RESACMODE","SunAcq","3"
700,"MDC_RESACMODE","InertialPoint","4"
700,"MDC_RESACMODE","InertialVector","5"
700,"MDC_RESACMODE","SunTrack","6"
700,"MDC_RESACMODE","LGA1TgtTrack_ClockA","7"
700,"MDC_RESACMODE","LGA1TgtTrack_ClockB","8"
700,"MDC_RESACMODE","LGA2TgtTrack_ClockA","9"
700,"MDC_RESACMODE","LGA2TgtTrack_ClockB","10"
700,"MDC_RESACMODE","HGATgtTrack_ClockA","11"
700,"MDC_RESACMODE","HGATgtTrack_ClockB","12"
700,"MDC_RESACMODE","MoonNadirTrack","13"
700,"MDC_RESACMODE","VelocityTrack","14"
700,"MDC_RESACMODE","AntiVelocityTrack","15"
700,"MDC_RESACMODE","Descent","16"
700,"MDC_RESACMODE","EigenSlewACS","17"
700,"MDC_RESACMODE","EigenSlewRCS","18"
700,"MDC_RESCLOCKINGOPTION","InertialFixed","0"
700,"MDC_RESCLOCKINGOPTION","SC2Sun","1"
700,"MDC_RESCLOCKINGOPTION","SC2NadirDetic","2"
700,"MDC_RESCLOCKINGOPTION","SC2NadirCentric","3"
700,"MDC_RESCLOCKINGOPTION","SCVelocity","4"
700,"MDC_RESCLOCKINGOPTION","SCMagField","5"
700,"MDC_RESCLOCKINGOPTION","SC2Tgt","6"
700,"MDC_RESCLOCKINGOPTION","TgtNormal","7"
700,"MDC_RESCLOCKINGOPTION","TrueNorth","8"
700,"MDC_RESCLOCKINGOPTION","TrueNorthAtTgt","9"
700,"MDC_RESCLOCKINGOPTION","TgtVelocity","10"
700,"MDC_RESCLOCKINGOPTION","InertialVector","11"
700,"MDC_RESCLOCKINGOPTION","CBOrbitNormal","12"
700,"MDC_RESCLOCKINGOPTION","SCOrbitNormal","13"
700,"MDC_RESCLOCKINGOPTION","SCSurfaceRelativeVelocity","14"
700,"MDC_RESCLOCKINGOPTION","SCLocalHorizontalVel","15"
700,"MDC_RESCLOCKINGOPTION","ExternalVector","16"
700,"MDC_RESCLOCKINGOPTION","ExternalGuidance","17"
605,"NAV_FILTERSTATE","FilterOff","0"
605,"NAV_FILTERSTATE","FilterPassive","1"
605,"NAV_FILTERSTATE","FilterActive","2"
310,"SPI_ANGMEASVALID","NotValid","0"
310,"SPI_ANGMEASVALID","ValidThisFrame","1"
310,"SPI_ANGMEASVALID","ValidLastMeasurement","2"
310,"SPI_LINMEASVALID","NotValid","0"
310,"SPI_LINMEASVALID","ValidThisFrame","1"
310,"SPI_LINMEASVALID","ValidLastMeasurement","2"
330,"SPS_ISVALID","NotValid","0"
330,"SPS_ISVALID","ValidThisFrame","1"
330,"SPS_ISVALID","ValidLastMeasurement","2"
615,"EPH_LINEOFSIGHTLandingZone","False","0"
615,"EPH_LINEOFSIGHTLandingZone","True","1"
615,"EPH_LINEOFSIGHTSSC_Dongara","False","0"
615,"EPH_LINEOFSIGHTSSC_Dongara","True","1"
615,"EPH_LINEOFSIGHTSSC_Kiurna","False","0"
615,"EPH_LINEOFSIGHTSSC_Kiurna","True","1"
615,"EPH_LINEOFSIGHTSSC_Santiago","False","0"
615,"EPH_LINEOFSIGHTSSC_Santiago","True","1"
615,"EPH_LINEOFSIGHTSSC_SouthPoint","False","0"
615,"EPH_LINEOFSIGHTSSC_SouthPoint","True","1"
615,"EPH_LINEOFSIGHTEarthCenter","False","0"
615,"EPH_LINEOFSIGHTEarthCenter","True","1"
620,"VEH_BUSCONFIG","Baseline","0"
620,"VEH_ATTCTRLCONFIG","ACS","0"
620,"VEH_ATTCTRLCONFIG","ACS_PhasePlaneLoose","1"
620,"VEH_ATTCTRLCONFIG","ACS_PhasePlaneTight","2"
620,"VEH_ATTCTRLCONFIG","ACS_PhasePlaneFullTight","3"
620,"VEH_ATTCTRLCONFIG","RCS","4"
620,"VEH_ATTCTRLCONFIG","RCS_ForME","5"
620,"VEH_MISSIONMODE","FLIGHT","0"
620,"VEH_MISSIONMODE","SAFE_FLIGHT","1"
620,"VEH_MISSIONMODE","FLIGHT_CRITICAL","2"
620,"VEH_MISSIONMODE","DESCENT_CRITICAL","3"
620,"VEH_MISSIONMODE","SURFACE","4"
620,"VEH_MISSIONMODE","SURFACE_SAFE","5"
620,"VEH_MISSIONMODE","SURFACE_EXTENDED","6"
620,"VEH_MISSIONMODE","SURFACE_NIGHT","7"
620,"VEH_SUNMEASVALIDITY","NotValid","0"
620,"VEH_SUNMEASVALIDITY","ValidThisFrame","1"
620,"VEH_SUNMEASVALIDITY","FromBuffer","2"
620,"VEH_SUNAVOIDVIOLATED","False","0"
620,"VEH_SUNAVOIDVIOLATED","True","1"
620,"VEH_SUNAVOIDENABLED","False","0"
620,"VEH_SUNAVOIDENABLED","True","1"
860,"GES_SLEWTIMERESULT","Error","-1"
860,"GES_SLEWTIMERESULT","InputAccepted","0"
860,"GES_SLEWTIMERESULT","SlewTimeResolved","1"
870,"GRS_SLEWTIMERESULT","Error","-1"
870,"GRS_SLEWTIMERESULT","InputAccepted","0"
870,"GRS_SLEWTIMERESULT","SlewTimeResolved","1"
840,"GSA_SUNCONVERGED","False","0"
840,"GSA_SUNCONVERGED","True","1"
840,"GSA_INSUNSEARCH","False","0"
840,"GSA_INSUNSEARCH","True","1"
850,"GTR_ISSINGULAR","False","0"
850,"GTR_ISSINGULAR","True","1"
850,"GTR_INSINGULARITYAVOID","False","0"
850,"GTR_INSINGULARITYAVOID","True","1"
313,"ISP1_ANGMEASVALID","NotValid","0"
313,"ISP1_ANGMEASVALID","ValidThisFrame","1"
313,"ISP1_ANGMEASVALID","ValidLastMeasurement","2"
313,"ISP1_ANGMAGVALID","False","0"
313,"ISP1_ANGMAGVALID","True","1"
313,"ISP1_ANGCONVALID","False","0"
313,"ISP1_ANGCONVALID","True","1"
314,"ISP1_LINMEASVALID","NotValid","0"
314,"ISP1_LINMEASVALID","ValidThisFrame","1"
314,"ISP1_LINMEASVALID","ValidLastMeasurement","2"
314,"ISP1_LINMAGVALID","False","0"
314,"ISP1_LINMAGVALID","True","1"
314,"ISP1_LINCONVALID","False","0"
314,"ISP1_LINCONVALID","True","1"
311,"ISP0_ANGMEASVALID","NotValid","0"
311,"ISP0_ANGMEASVALID","ValidThisFrame","1"
311,"ISP0_ANGMEASVALID","ValidLastMeasurement","2"
311,"ISP0_ANGMAGVALID","False","0"
311,"ISP0_ANGMAGVALID","True","1"
311,"ISP0_ANGCONVALID","False","0"
311,"ISP0_ANGCONVALID","True","1"
312,"ISP0_LINMEASVALID","NotValid","0"
312,"ISP0_LINMEASVALID","ValidThisFrame","1"
312,"ISP0_LINMEASVALID","ValidLastMeasurement","2"
312,"ISP0_LINMAGVALID","False","0"
312,"ISP0_LINMAGVALID","True","1"
312,"ISP0_LINCONVALID","False","0"
312,"ISP0_LINCONVALID","True","1"
315,"ISP2_ANGMEASVALID","NotValid","0"
315,"ISP2_ANGMEASVALID","ValidThisFrame","1"
315,"ISP2_ANGMEASVALID","ValidLastMeasurement","2"
315,"ISP2_ANGMAGVALID","False","0"
315,"ISP2_ANGMAGVALID","True","1"
315,"ISP2_ANGCONVALID","False","0"
315,"ISP2_ANGCONVALID","True","1"
316,"ISP2_LINMEASVALID","NotValid","0"
316,"ISP2_LINMEASVALID","ValidThisFrame","1"
316,"ISP2_LINMEASVALID","ValidLastMeasurement","2"
316,"ISP2_LINMAGVALID","False","0"
316,"ISP2_LINMAGVALID","True","1"
316,"ISP2_LINCONVALID","False","0"
316,"ISP2_LINCONVALID","True","1"
392,"SPR1_MEASVALID","NotValid","0"
392,"SPR1_MEASVALID","ValidThisFrame","1"
392,"SPR1_MEASVALID","ValidLastMeasurement","2"
391,"SPR0_MEASVALID","NotValid","0"
391,"SPR0_MEASVALID","ValidThisFrame","1"
391,"SPR0_MEASVALID","ValidLastMeasurement","2"
322,"STP1_MEASVALID","NotValid","0"
322,"STP1_MEASVALID","ValidThisFrame","1"
322,"STP1_MEASVALID","ValidLastMeasurement","2"
321,"STP0_MEASVALID","NotValid","0"
321,"STP0_MEASVALID","ValidThisFrame","1"
321,"STP0_MEASVALID","ValidLastMeasurement","2"
334,"SSP3_MEASVALID","NotValid","0"
334,"SSP3_MEASVALID","ValidThisFrame","1"
334,"SSP3_MEASVALID","ValidLastMeasurement","2"
333,"SSP2_MEASVALID","NotValid","0"
333,"SSP2_MEASVALID","ValidThisFrame","1"
333,"SSP2_MEASVALID","ValidLastMeasurement","2"
331,"SSP0_MEASVALID","NotValid","0"
331,"SSP0_MEASVALID","ValidThisFrame","1"
331,"SSP0_MEASVALID","ValidLastMeasurement","2"
332,"SSP1_MEASVALID","NotValid","0"
332,"SSP1_MEASVALID","ValidThisFrame","1"
332,"SSP1_MEASVALID","ValidLastMeasurement","2"
381,"SPV_MEASVALID","NotValid","0"
381,"SPV_MEASVALID","ValidThisFrame","1"
381,"SPV_MEASVALID","ValidLastMeasurement","2"
382,"SPVE_MISSIONPHASE","PreSeparation","0"
382,"SPVE_MISSIONPHASE","LEOP","1"
382,"SPVE_MISSIONPHASE","Cruise","2"
382,"SPVE_MISSIONPHASE","LunarOrbit","3"
382,"SPVE_MISSIONPHASE","Descent","4"
382,"SPVE_MISSIONPHASE","Braking","5"
382,"SPVE_MISSIONPHASE","Approach","6"
382,"SPVE_MISSIONPHASE","Targeting","7"
382,"SPVE_MISSIONPHASE","Terminal","8"
382,"SPVE_MISSIONPHASE","Landing","9"
382,"SPVE_MISSIONPHASE","LunarSurface","10"
1610,"PLD_LEX_ENABLED","False","0"
1610,"PLD_LEX_ENABLED","True","1"
1610,"PLD_LEX_TLM_PARSE_STATE","PARSE_SYNC1","0"
1610,"PLD_LEX_TLM_PARSE_STATE","PARSE_SYNC2","1"
1610,"PLD_LEX_TLM_PARSE_STATE","PARSE_SYNC3","2"
1610,"PLD_LEX_TLM_PARSE_STATE","PARSE_SYNC4","3"
1610,"PLD_LEX_TLM_PARSE_STATE","PARSE_ID","4"
1610,"PLD_LEX_TLM_PARSE_STATE","PARSE_COLLECT","5"
1610,"PLD_LEX_TLM_PARSE_STATE","PARSE_CHECK","6"
1610,"PLD_LEX_TLM_PARSE_STATE","PARSE_PROCESS","7"
1610,"PLD_LEX_CMD_FILE_SEND_ACTIVE","False","0"
1610,"PLD_LEX_CMD_FILE_SEND_ACTIVE","True","1"
1611,"PLD_LEX_FILE_ISFILEOPEN","False","0"
1611,"PLD_LEX_FILE_ISFILEOPEN","True","1"
1611,"PLD_LEX_FILE_PRIORITY","False","0"
1611,"PLD_LEX_FILE_PRIORITY","True","1"
1611,"PLD_LEX_FILE_SYNCSTATE","NO_SYNC","0"
1611,"PLD_LEX_FILE_SYNCSTATE","FIND_SYNC1","1"
1611,"PLD_LEX_FILE_SYNCSTATE","FIND_SYNC2","2"
1611,"PLD_LEX_FILE_SYNCSTATE","FIND_SYNC3","3"
1611,"PLD_LEX_FILE_SYNCSTATE","FIND_SYNC4","4"
1611,"PLD_LEX_FILE_SYNCSTATE","SYNCED","5"
9010,"FJ_STATUS_00","FREE","0"
9010,"FJ_STATUS_00","LOADED","1"
9010,"FJ_STATUS_00","ACTIVE","2"
9011,"FJ_STATUS_01","FREE","0"
9011,"FJ_STATUS_01","LOADED","1"
9011,"FJ_STATUS_01","ACTIVE","2"
9012,"FJ_STATUS_02","FREE","0"
9012,"FJ_STATUS_02","LOADED","1"
9012,"FJ_STATUS_02","ACTIVE","2"
9013,"FJ_STATUS_03","FREE","0"
9013,"FJ_STATUS_03","LOADED","1"
9013,"FJ_STATUS_03","ACTIVE","2"
9014,"FJ_STATUS_04","FREE","0"
9014,"FJ_STATUS_04","LOADED","1"
9014,"FJ_STATUS_04","ACTIVE","2"
9015,"FJ_STATUS_05","FREE","0"
9015,"FJ_STATUS_05","LOADED","1"
9015,"FJ_STATUS_05","ACTIVE","2"
9016,"FJ_STATUS_06","FREE","0"
9016,"FJ_STATUS_06","LOADED","1"
9016,"FJ_STATUS_06","ACTIVE","2"
9017,"FJ_STATUS_07","FREE","0"
9017,"FJ_STATUS_07","LOADED","1"
9017,"FJ_STATUS_07","ACTIVE","2"
9018,"FJ_STATUS_08","FREE","0"
9018,"FJ_STATUS_08","LOADED","1"
9018,"FJ_STATUS_08","ACTIVE","2"
9019,"FJ_STATUS_09","FREE","0"
9019,"FJ_STATUS_09","LOADED","1"
9019,"FJ_STATUS_09","ACTIVE","2"
9020,"FJ_STATUS_10","FREE","0"
9020,"FJ_STATUS_10","LOADED","1"
9020,"FJ_STATUS_10","ACTIVE","2"
9021,"FJ_STATUS_11","FREE","0"
9021,"FJ_STATUS_11","LOADED","1"
9021,"FJ_STATUS_11","ACTIVE","2"
9022,"FJ_STATUS_12","FREE","0"
9022,"FJ_STATUS_12","LOADED","1"
9022,"FJ_STATUS_12","ACTIVE","2"
9023,"FJ_STATUS_13","FREE","0"
9023,"FJ_STATUS_13","LOADED","1"
9023,"FJ_STATUS_13","ACTIVE","2"
9024,"FJ_STATUS_14","FREE","0"
9024,"FJ_STATUS_14","LOADED","1"
9024,"FJ_STATUS_14","ACTIVE","2"
9025,"FJ_STATUS_15","FREE","0"
9025,"FJ_STATUS_15","LOADED","1"
9025,"FJ_STATUS_15","ACTIVE","2"
9026,"FJ_STATUS_16","FREE","0"
9026,"FJ_STATUS_16","LOADED","1"
9026,"FJ_STATUS_16","ACTIVE","2"
9027,"FJ_STATUS_17","FREE","0"
9027,"FJ_STATUS_17","LOADED","1"
9027,"FJ_STATUS_17","ACTIVE","2"
9028,"FJ_STATUS_18","FREE","0"
9028,"FJ_STATUS_18","LOADED","1"
9028,"FJ_STATUS_18","ACTIVE","2"
9029,"FJ_STATUS_19","FREE","0"
9029,"FJ_STATUS_19","LOADED","1"
9029,"FJ_STATUS_19","ACTIVE","2"
9030,"FJ_STATUS_20","FREE","0"
9030,"FJ_STATUS_20","LOADED","1"
9030,"FJ_STATUS_20","ACTIVE","2"
9031,"FJ_STATUS_21","FREE","0"
9031,"FJ_STATUS_21","LOADED","1"
9031,"FJ_STATUS_21","ACTIVE","2"
9032,"FJ_STATUS_22","FREE","0"
9032,"FJ_STATUS_22","LOADED","1"
9032,"FJ_STATUS_22","ACTIVE","2"
9033,"FJ_STATUS_23","FREE","0"
9033,"FJ_STATUS_23","LOADED","1"
9033,"FJ_STATUS_23","ACTIVE","2"
9034,"FJ_STATUS_24","FREE","0"
9034,"FJ_STATUS_24","LOADED","1"
9034,"FJ_STATUS_24","ACTIVE","2"
9035,"FJ_STATUS_25","FREE","0"
9035,"FJ_STATUS_25","LOADED","1"
9035,"FJ_STATUS_25","ACTIVE","2"
9036,"FJ_STATUS_26","FREE","0"
9036,"FJ_STATUS_26","LOADED","1"
9036,"FJ_STATUS_26","ACTIVE","2"
9037,"FJ_STATUS_27","FREE","0"
9037,"FJ_STATUS_27","LOADED","1"
9037,"FJ_STATUS_27","ACTIVE","2"
9038,"FJ_STATUS_28","FREE","0"
9038,"FJ_STATUS_28","LOADED","1"
9038,"FJ_STATUS_28","ACTIVE","2"
9039,"FJ_STATUS_29","FREE","0"
9039,"FJ_STATUS_29","LOADED","1"
9039,"FJ_STATUS_29","ACTIVE","2"
9040,"FJ_STATUS_30","FREE","0"
9040,"FJ_STATUS_30","LOADED","1"
9040,"FJ_STATUS_30","ACTIVE","2"
9041,"FJ_STATUS_31","FREE","0"
9041,"FJ_STATUS_31","LOADED","1"
9041,"FJ_STATUS_31","ACTIVE","2"
9042,"FJ_STATUS_32","FREE","0"
9042,"FJ_STATUS_32","LOADED","1"
9042,"FJ_STATUS_32","ACTIVE","2"
9043,"FJ_STATUS_33","FREE","0"
9043,"FJ_STATUS_33","LOADED","1"
9043,"FJ_STATUS_33","ACTIVE","2"
9044,"FJ_STATUS_34","FREE","0"
9044,"FJ_STATUS_34","LOADED","1"
9044,"FJ_STATUS_34","ACTIVE","2"
9045,"FJ_STATUS_35","FREE","0"
9045,"FJ_STATUS_35","LOADED","1"
9045,"FJ_STATUS_35","ACTIVE","2"
9046,"FJ_STATUS_36","FREE","0"
9046,"FJ_STATUS_36","LOADED","1"
9046,"FJ_STATUS_36","ACTIVE","2"
9047,"FJ_STATUS_37","FREE","0"
9047,"FJ_STATUS_37","LOADED","1"
9047,"FJ_STATUS_37","ACTIVE","2"
9048,"FJ_STATUS_38","FREE","0"
9048,"FJ_STATUS_38","LOADED","1"
9048,"FJ_STATUS_38","ACTIVE","2"
9049,"FJ_STATUS_39","FREE","0"
9049,"FJ_STATUS_39","LOADED","1"
9049,"FJ_STATUS_39","ACTIVE","2"
