"APID","Mnemonic","Long Name","Group","Description","Data Bytes","Variable Size"
463,"APT3_FSW_ACTPROC_THR","ACS_PY","Actuator Sets","FSW_ActProc_THR",68,"False"
462,"APT2_FSW_ACTPROC_THR","ACS_Roll","Actuator Sets","FSW_ActProc_THR",68,"False"
460,"APT0_FSW_ACTPROC_THR","Main_Engines","Actuator Sets","FSW_ActProc_THR",68,"False"
461,"APT1_FSW_ACTPROC_THR","RCS","Actuator Sets","FSW_ActProc_THR",68,"False"
600,"ATD_ADSUMMARY","AD Summary","Attitude Determination","Primary AD telemetry packet",52,"False"
601,"ATD_ADMEASUREMENTS","AD Meas","Attitude Determination","Telemetry packet per sensor",96,"False"
602,"ATD_ADINIT","AD Init","Attitude Determination","Telemetry packet for attitude initialization",56,"False"
603,"ATD_ADDETAILS","AD Details","Attitude Determination","Telemetry packet for filter covariance states",84,"False"
604,"ATD_ADRESIDUALS","AD Resid","Attitude Determination","Telemetry packet for filter residuals per sensor",192,"False"
930,"CAT_FSW_CTRL_ATTITUDE","Attitude Control","Control","FSW_Ctrl_Attitude",84,"False"
900,"CEG_FSW_CTRL_ERRORGEN","Control Error Gen","Control","FSW_Ctrl_ErrorGen",32,"False"
920,"CFF_FSW_CTRL_FEEDFORWARD","Feed Fwd Control","Control","FSW_Ctrl_FeedForward",24,"False"
791,"DG2_FSW_DESCENTGUIDANCE","Descent_Guidance","Guidance","FSW_DescentGuidance",140,"False"
610,"EPH_FSW_EPHEMERIS","Ephem Summary","Ephemeris","FSW_Ephemeris",352,"False"
611,"EPH_PROPAGATOR","Propagator","Ephemeris","Propagator telemetry",8,"False"
612,"EPH_ECLIPSE","Eclipse","Ephemeris","Eclipse telemetry per central body",36,"False"
355,"SPK_FSW_EPHEMPROC_SPK","SPK Ephemeris Processor","Ephemeris","FSW_EphemProc_SPK",32,"False"
613,"EEP_FSW_EXTENDEDEPHEMERIS","ExtEphemeris","Ephemeris","FSW_ExtendedEphemeris",168,"False"
800,"GID_FSW_GUIDANCE","Guidance","Guidance","FSW_Guidance",44,"False"
700,"MDC_FSW_MODECONTROLLER","Mode Control","Mode Control","FSW_ModeController",28,"False"
605,"NAV_NAV_FILTER","NAV_Filter","Navigation","FSW_NavigationFilter",200,"False"
606,"NAV_NAV_COVARIANCES","NAV_Covariances","Navigation","FSW_NavigationFilter",84,"False"
310,"SPI_FSW_SENPROC_IMU","All IMUs","Sensor Sets","FSW_SenProc_IMU",44,"False"
330,"SPS_FSW_SENPROC_SUN","All Sun Vector Sensors","Sensor Sets","FSW_SenProc_SUN",24,"False"
615,"EPH_TGTREL","Target Relative","Ephemeris","Best estimate ephemeris information to spacecraft from target",120,"False"
616,"EPH_TGTABS","Target Absolute","Ephemeris","Best estimate CBI ephemeris information per target",144,"False"
621,"VEH_MASSNODES","Mass Nodes","Vehicle State","BASE_VehicleState",144,"False"
620,"VEH_FSW_VEHICLESTATE","Vehicle State","Vehicle State","FSW_VehicleState",192,"False"
623,"VEH_DELTAVPROJECTIONS","DeltaV Projections","Vehicle State","FSW_VehicleState",4,"False"
479,"THP9_FSC_ACTPROC_THR","ACS01","Actuator Processing","FSC_ActProc_THR",32,"False"
480,"THP10_FSC_ACTPROC_THR","ACS02","Actuator Processing","FSC_ActProc_THR",32,"False"
481,"THP11_FSC_ACTPROC_THR","ACS03","Actuator Processing","FSC_ActProc_THR",32,"False"
482,"THP12_FSC_ACTPROC_THR","ACS04","Actuator Processing","FSC_ActProc_THR",32,"False"
483,"THP13_FSC_ACTPROC_THR","ACS05","Actuator Processing","FSC_ActProc_THR",32,"False"
484,"THP14_FSC_ACTPROC_THR","ACS06","Actuator Processing","FSC_ActProc_THR",32,"False"
485,"THP15_FSC_ACTPROC_THR","ACS07","Actuator Processing","FSC_ActProc_THR",32,"False"
486,"THP16_FSC_ACTPROC_THR","ACS08","Actuator Processing","FSC_ActProc_THR",32,"False"
487,"THP17_FSC_ACTPROC_THR","ACS09","Actuator Processing","FSC_ActProc_THR",32,"False"
488,"THP18_FSC_ACTPROC_THR","ACS10","Actuator Processing","FSC_ActProc_THR",32,"False"
489,"THP19_FSC_ACTPROC_THR","ACS11","Actuator Processing","FSC_ActProc_THR",32,"False"
490,"THP20_FSC_ACTPROC_THR","ACS12","Actuator Processing","FSC_ActProc_THR",32,"False"
470,"THP0_FSC_ACTPROC_THR","MainEngine","Actuator Processing","FSC_ActProc_THR",32,"False"
471,"THP1_FSC_ACTPROC_THR","RCS1","Actuator Processing","FSC_ActProc_THR",32,"False"
472,"THP2_FSC_ACTPROC_THR","RCS2","Actuator Processing","FSC_ActProc_THR",32,"False"
473,"THP3_FSC_ACTPROC_THR","RCS3","Actuator Processing","FSC_ActProc_THR",32,"False"
474,"THP4_FSC_ACTPROC_THR","RCS4","Actuator Processing","FSC_ActProc_THR",32,"False"
475,"THP5_FSC_ACTPROC_THR","RCS5","Actuator Processing","FSC_ActProc_THR",32,"False"
476,"THP6_FSC_ACTPROC_THR","RCS6","Actuator Processing","FSC_ActProc_THR",32,"False"
477,"THP7_FSC_ACTPROC_THR","RCS7","Actuator Processing","FSC_ActProc_THR",32,"False"
478,"THP8_FSC_ACTPROC_THR","RCS8","Actuator Processing","FSC_ActProc_THR",32,"False"
860,"GES_FSC_GUI_EIGENSLEW","EigenSlew","Guidance","FSC_Gui_EigenSlew",4,"False"
830,"GRD_FSC_GUI_RATEDAMP","RateDamp","Guidance","FSC_Gui_RateDamp",8,"False"
870,"GRS_FSC_GUI_RENDEZSLEW","RendezSlew","Guidance","FSC_Gui_RendezSlew",8,"False"
840,"GSA_FSC_GUI_SUNACQ","SunAcq","Guidance","FSC_Gui_SunAcq",24,"False"
850,"GTR_FSC_GUI_TRACKING","Tracking","Guidance","FSC_Gui_Tracking",56,"False"
313,"ISP1_RTE","SEIKO_RTE","Sensor Processing","Filtered angular rate in the RTE frame",60,"False"
314,"ISP1_ACC","SEIKO_ACC","Sensor Processing","Filtered linear acceleration in the ACC frame",72,"False"
311,"ISP0_RTE","STIM1_RTE","Sensor Processing","Filtered angular rate in the RTE frame",60,"False"
312,"ISP0_ACC","STIM1_ACC","Sensor Processing","Filtered linear acceleration in the ACC frame",72,"False"
315,"ISP2_RTE","STIM2_RTE","Sensor Processing","Filtered angular rate in the RTE frame",60,"False"
316,"ISP2_ACC","STIM2_ACC","Sensor Processing","Filtered linear acceleration in the ACC frame",72,"False"
392,"SPR1_FSC_SENPROC_RNG","Range Finder mX","Sensor Processing","FSC_SenProc_RNG",24,"False"
391,"SPR0_FSC_SENPROC_RNG","Range Finder mY","Sensor Processing","FSC_SenProc_RNG",24,"False"
322,"STP1_FSC_SENPROC_STR","STR_mZ","Sensor Processing","FSC_SenProc_STR",48,"False"
321,"STP0_FSC_SENPROC_STR","STR_pZ","Sensor Processing","FSC_SenProc_STR",48,"False"
334,"SSP3_FSC_SENPROC_SUN","SSmX","Sensor Processing","FSC_SenProc_SUN",32,"False"
333,"SSP2_FSC_SENPROC_SUN","SSmYpX","Sensor Processing","FSC_SenProc_SUN",32,"False"
331,"SSP0_FSC_SENPROC_SUN","SSpYmZ","Sensor Processing","FSC_SenProc_SUN",32,"False"
332,"SSP1_FSC_SENPROC_SUN","SSpYpZ","Sensor Processing","FSC_SenProc_SUN",32,"False"
381,"SPV_FSC_SENPROC_VNS","Vision Navigation","Sensor Processing","FSC_SenProc_VNS",80,"False"
382,"SPVE_EPHEM","Vision Navigation Ephem","Sensor Processing","Ephemeris data packet to Vision Navigation System",144,"False"
1002,"ACS_CMD_MGR","ADCS Cmd Manager","Command & Data Handling","ADCS Command Manager",16,"False"
1003,"ACS_TIME_MGR","ADCS Time Manager","Command & Data Handling","ADCS Time Manager",48,"False"
5000,"CMD_HIST_MGR","Command History Manager","Command & Data Handling","Command History Manager",16,"False"
5200,"EVR_MGR","Event Reporting Manager","Command & Data Handling","Event Reporting Manager",512,"True"
5100,"MISC_MGR","Misc Manager","Command & Data Handling","Misc Manager",576,"False"
5600,"PLD_REC_PKT_TLM","Payload Rec Pkt Tlm","Command & Data Handling","Payload Recorded Packet Tlm",80,"False"
10000,"REC_LANDER_REC_PKT_TLM","Recorded Telemetry Rec Pkt Tlm","Command & Telemetry","Recorded Telemetry Recorded Packet Tlm",72,"False"
10001,"REC_GNC_REC_PKT_TLM","Recorded Telemetry Rec Pkt Tlm","Command & Telemetry","Recorded Telemetry Recorded Packet Tlm",72,"False"
10002,"REC_DYN_REC_PKT_TLM","Recorded Telemetry Rec Pkt Tlm","Command & Telemetry","Recorded Telemetry Recorded Packet Tlm",72,"False"
10003,"REC_EVR_REC_PKT_TLM","Recorded Telemetry Rec Pkt Tlm","Command & Telemetry","Recorded Telemetry Recorded Packet Tlm",72,"False"
10005,"PLD_TLM_PRI_REC_FL_TLM","Priority Payload Telemetry Rec File Tlm","Command & Telemetry","Priority Payload Telemetry Recorded File Tlm",156,"False"
10004,"PLD_TLM_REC_FL_TLM","Payload Telemetry Rec File Tlm","Command & Telemetry","Payload Telemetry Recorded File Tlm",156,"False"
1052,"CMD_TLM_CMD_MGR","Cmd & Tlm Cmd Manager","Command Sequencing","Cmd & Tlm Command Manager",16,"False"
1053,"CMD_TLM_TIME_MGR","Cmd & Tlm Time Manager","Command Sequencing","Cmd & Tlm Time Manager",48,"False"
60030,"FDM_FDL_DATA","File Download Data","Command & Data Handling","File Download Data",2072,"True"
7200,"FDM_FDL_MGR","File Download Manager","Command & Data Handling","File Download Manager",168,"False"
7100,"FUM_FUL_MGR","File Upload","Command & Data Handling","File Upload Manager",80,"False"
60002,"FILE_CMD_MGR","File Cmd Manager","Command & Data Handling","File Command Manager",16,"False"
60003,"FILE_TIME_MGR","File Time Manager","Command & Data Handling","File Time Manager",48,"False"
1200,"UC_SIM_RIUSIMULATOR","UC Simulator","Payloads","RIUSimulator",24,"False"
1012,"HWIO_CMD_MGR","HWIO Cmd Manager","Command & Data Handling","HWIO Command Manager",16,"False"
1013,"HWIO_TIME_MGR","HWIO Time Manager","Command & Data Handling","HWIO Time Manager",48,"False"
1610,"PLD_LEX_PAYLOADBASEMGR","LEXI Payload","Payloads","PayloadBaseMgr",204,"False"
1611,"PLD_LEX_FILE_TLMFILE","LEXI Payload telemetry file","Payloads","TlmFile",152,"False"
1612,"PLD_LEX_HK","LEXI Payload external commands and telemetry Housekeeping message","Payloads","LEXI Payload external commands and telemetry Housekeeping message",16,"False"
1062,"PLD_CMD_MGR","Payloads Cmd Manager","Command & Data Handling","Payloads Command Manager",16,"False"
1063,"PLD_TIME_MGR","Payloads Time Manager","Command & Data Handling","Payloads Time Manager",48,"False"
1022,"PWR_CMD_MGR","Power Cmd Manager","Power","Power Command Manager",16,"False"
1023,"PWR_TIME_MGR","Power Time Manager","Power","Power Time Manager",48,"False"
1042,"PROP_CMD_MGR","Propulsion Control System Cmd Manager","Propulsion","Propulsion Control System Command Manager",16,"False"
1043,"PROP_TIME_MGR","Propulsion Control System Time Manager","Propulsion","Propulsion Control System Time Manager",48,"False"
6100,"FJ_MGR","Sequence Engine","Command Sequencing","Sequence Engine Manager",20,"False"
9010,"FJ_ENG_00","Sequence Engine Engine 00","Command Sequencing","Sequence Engine Engine 00",216,"False"
9011,"FJ_ENG_01","Sequence Engine Engine 01","Command Sequencing","Sequence Engine Engine 01",216,"False"
9012,"FJ_ENG_02","Sequence Engine Engine 02","Command Sequencing","Sequence Engine Engine 02",216,"False"
9013,"FJ_ENG_03","Sequence Engine Engine 03","Command Sequencing","Sequence Engine Engine 03",216,"False"
9014,"FJ_ENG_04","Sequence Engine Engine 04","Command Sequencing","Sequence Engine Engine 04",216,"False"
9015,"FJ_ENG_05","Sequence Engine Engine 05","Command Sequencing","Sequence Engine Engine 05",216,"False"
9016,"FJ_ENG_06","Sequence Engine Engine 06","Command Sequencing","Sequence Engine Engine 06",216,"False"
9017,"FJ_ENG_07","Sequence Engine Engine 07","Command Sequencing","Sequence Engine Engine 07",216,"False"
9018,"FJ_ENG_08","Sequence Engine Engine 08","Command Sequencing","Sequence Engine Engine 08",216,"False"
9019,"FJ_ENG_09","Sequence Engine Engine 09","Command Sequencing","Sequence Engine Engine 09",216,"False"
9020,"FJ_ENG_10","Sequence Engine Engine 10","Command Sequencing","Sequence Engine Engine 10",216,"False"
9021,"FJ_ENG_11","Sequence Engine Engine 11","Command Sequencing","Sequence Engine Engine 11",216,"False"
9022,"FJ_ENG_12","Sequence Engine Engine 12","Command Sequencing","Sequence Engine Engine 12",216,"False"
9023,"FJ_ENG_13","Sequence Engine Engine 13","Command Sequencing","Sequence Engine Engine 13",216,"False"
9024,"FJ_ENG_14","Sequence Engine Engine 14","Command Sequencing","Sequence Engine Engine 14",216,"False"
9025,"FJ_ENG_15","Sequence Engine Engine 15","Command Sequencing","Sequence Engine Engine 15",216,"False"
9026,"FJ_ENG_16","Sequence Engine Engine 16","Command Sequencing","Sequence Engine Engine 16",216,"False"
9027,"FJ_ENG_17","Sequence Engine Engine 17","Command Sequencing","Sequence Engine Engine 17",216,"False"
9028,"FJ_ENG_18","Sequence Engine Engine 18","Command Sequencing","Sequence Engine Engine 18",216,"False"
9029,"FJ_ENG_19","Sequence Engine Engine 19","Command Sequencing","Sequence Engine Engine 19",216,"False"
9030,"FJ_ENG_20","Sequence Engine Engine 20","Command Sequencing","Sequence Engine Engine 20",216,"False"
9031,"FJ_ENG_21","Sequence Engine Engine 21","Command Sequencing","Sequence Engine Engine 21",216,"False"
9032,"FJ_ENG_22","Sequence Engine Engine 22","Command Sequencing","Sequence Engine Engine 22",216,"False"
9033,"FJ_ENG_23","Sequence Engine Engine 23","Command Sequencing","Sequence Engine Engine 23",216,"False"
9034,"FJ_ENG_24","Sequence Engine Engine 24","Command Sequencing","Sequence Engine Engine 24",216,"False"
9035,"FJ_ENG_25","Sequence Engine Engine 25","Command Sequencing","Sequence Engine Engine 25",216,"False"
9036,"FJ_ENG_26","Sequence Engine Engine 26","Command Sequencing","Sequence Engine Engine 26",216,"False"
9037,"FJ_ENG_27","Sequence Engine Engine 27","Command Sequencing","Sequence Engine Engine 27",216,"False"
9038,"FJ_ENG_28","Sequence Engine Engine 28","Command Sequencing","Sequence Engine Engine 28",216,"False"
9039,"FJ_ENG_29","Sequence Engine Engine 29","Command Sequencing","Sequence Engine Engine 29",216,"False"
9040,"FJ_ENG_30","Sequence Engine Engine 30","Command Sequencing","Sequence Engine Engine 30",216,"False"
9041,"FJ_ENG_31","Sequence Engine Engine 31","Command Sequencing","Sequence Engine Engine 31",216,"False"
9042,"FJ_ENG_32","Sequence Engine Engine 32","Command Sequencing","Sequence Engine Engine 32",216,"False"
9043,"FJ_ENG_33","Sequence Engine Engine 33","Command Sequencing","Sequence Engine Engine 33",216,"False"
9044,"FJ_ENG_34","Sequence Engine Engine 34","Command Sequencing","Sequence Engine Engine 34",216,"False"
9045,"FJ_ENG_35","Sequence Engine Engine 35","Command Sequencing","Sequence Engine Engine 35",216,"False"
9046,"FJ_ENG_36","Sequence Engine Engine 36","Command Sequencing","Sequence Engine Engine 36",216,"False"
9047,"FJ_ENG_37","Sequence Engine Engine 37","Command Sequencing","Sequence Engine Engine 37",216,"False"
9048,"FJ_ENG_38","Sequence Engine Engine 38","Command Sequencing","Sequence Engine Engine 38",216,"False"
9049,"FJ_ENG_39","Sequence Engine Engine 39","Command Sequencing","Sequence Engine Engine 39",216,"False"
1072,"SEQ_CMD_MGR","Sequence Engine Cmd Manager","Command Sequencing","Sequence Engine Command Manager",16,"False"
1073,"SEQ_TIME_MGR","Sequence Engine Time Manager","Command Sequencing","Sequence Engine Time Manager",48,"False"
1032,"THM_CMD_MGR","Thermal Control System Cmd Manager","Thermal","Thermal Control System Command Manager",16,"False"
1033,"THM_TIME_MGR","Thermal Control System Time Manager","Thermal","Thermal Control System Time Manager",48,"False"
1100,"TIME_BGTIMEMASTER","","Command & Data Handling","Blue Ghost Time Master Status",16,"False"
1092,"TM_CMD_MGR","Time Cmd Manager","Command & Data Handling","Time Command Manager",16,"False"
1093,"TM_TIME_MGR","Time Time Manager","Command & Data Handling","Time Time Manager",48,"False"
